{
  "UKF_mean_nmse": [
    -6.333583831787109,
    -12.250709533691406,
    -18.63836669921875,
    -20.397747039794922,
    -20.91497230529785
  ],
  "EKF_mean_nmse": [
    -2.2991886138916016,
    -8.738227844238281,
    -18.83176612854004,
    -20.403038024902344,
    -20.91027069091797
  ],
  "DANSE_mean_nmse": [
    -6.356161117553711,
    -13.510758399963379,
    -18.504451751708984,
    -20.376359939575195,
    -20.950496673583984
  ],
  "UKF_std_nmse": [
    0.2723565697669983,
    1.0019612312316895,
    0.36035123467445374,
    0.24609258770942688,
    0.23951345682144165
  ],
  "EKF_std_nmse": [
    0.5004010200500488,
    1.231814980506897,
    0.373348593711853,
    0.24755868315696716,
    0.23945529758930206
  ],
  "DANSE_std_nmse": [
    0.2640317678451538,
    0.5101997256278992,
    0.3545340597629547,
    0.24956829845905304,
    0.2417864054441452
  ],
  "LS_mean_nmse": [
    8.800539016723633,
    -1.174184799194336,
    -10.744874954223633,
    -18.125768661499023,
    -20.677183151245117
  ],
  "LS_std_nmse": [
    0.14886628091335297,
    0.1346365064382553,
    0.12691470980644226,
    0.15660902857780457,
    0.2325895130634308
  ],
  "EKF_mean_mse": [
    22.332103729248047,
    15.892902374267578,
    5.799131393432617,
    4.222844123840332,
    3.7262070178985596
  ],
  "UKF_mean_mse": [
    18.29770851135254,
    12.380420684814453,
    5.99252986907959,
    4.2281341552734375,
    3.721506118774414
  ],
  "DANSE_mean_mse": [
    18.275131225585938,
    11.12037181854248,
    6.126446723937988,
    4.249521255493164,
    3.685980796813965
  ],
  "EKF_std_mse": [
    0.5031489133834839,
    1.2216631174087524,
    0.37756097316741943,
    0.23760323226451874,
    0.23309339582920074
  ],
  "UKF_std_mse": [
    0.2676522135734558,
    0.9981838464736938,
    0.36561939120292664,
    0.2355782389640808,
    0.23290012776851654
  ],
  "DANSE_std_mse": [
    0.2616516053676605,
    0.507157027721405,
    0.3604910373687744,
    0.240729421377182,
    0.2355937510728836
  ],
  "LS_mean_mse": [
    33.43183135986328,
    23.456945419311523,
    13.886022567749023,
    6.500113010406494,
    3.9592947959899902
  ],
  "LS_std_mse": [
    0.14760777354240417,
    0.13916756212711334,
    0.12727300822734833,
    0.14694228768348694,
    0.22632166743278503
  ],
  "UKF_time": [
    230.31490209999993,
    229.06799810000007,
    229.9170806000002,
    231.34684500000003,
    225.51886449999984
  ],
  "EKF_time": [
    571.0817910000001,
    584.1462467000001,
    580.1402698000002,
    574.2573186999998,
    585.6822727000003
  ],
  "DANSE_time": [
    0.4885940000000346,
    0.4682788000000073,
    0.4290476999999555,
    0.49389789999986533,
    0.464564199999586
  ],
  "SMNR": [
    -10.0,
    0.0,
    10.0,
    20.0,
    30.0
  ]
}