------------------------------ Training begins --------------------------------- 

Config: {'n_states': 32, 'n_obs': 32, 'mu_w': array([0., 0., 0., 0., 0., 0., 0., 0., 0., 0., 0., 0., 0., 0., 0., 0., 0.,
       0., 0., 0., 0., 0., 0., 0., 0., 0., 0., 0., 0., 0., 0., 0.]), 'C_w': None, 'H': array([[1., 0., 0., ..., 0., 0., 0.],
       [0., 1., 0., ..., 0., 0., 0.],
       [0., 0., 1., ..., 0., 0., 0.],
       ...,
       [0., 0., 0., ..., 1., 0., 0.],
       [0., 0., 0., ..., 0., 1., 0.],
       [0., 0., 0., ..., 0., 0., 1.]]), 'mu_x0': array([0., 0., 0., 0., 0., 0., 0., 0., 0., 0., 0., 0., 0., 0., 0., 0., 0.,
       0., 0., 0., 0., 0., 0., 0., 0., 0., 0., 0., 0., 0., 0., 0.]), 'C_x0': array([[1., 0., 0., ..., 0., 0., 0.],
       [0., 1., 0., ..., 0., 0., 0.],
       [0., 0., 1., ..., 0., 0., 0.],
       ...,
       [0., 0., 0., ..., 1., 0., 0.],
       [0., 0., 0., ..., 0., 1., 0.],
       [0., 0., 0., ..., 0., 0., 1.]]), 'batch_size': 64, 'rnn_type': 'gru', 'device': device(type='cuda', index=0), 'rnn_params_dict': {'gru': {'model_type': 'gru', 'input_size': 32, 'output_size': 32, 'n_hidden': 30, 'n_layers': 1, 'lr': 0.01, 'num_epochs': 2000, 'min_delta': 0.05, 'n_hidden_dense': 32, 'device': device(type='cuda', index=0)}, 'rnn': {'model_type': 'gru', 'input_size': 32, 'output_size': 32, 'n_hidden': 40, 'n_layers': 2, 'lr': 0.001, 'num_epochs': 300, 'min_delta': 0.001, 'n_hidden_dense': 32, 'device': device(type='cuda', index=0)}, 'lstm': {'model_type': 'lstm', 'input_size': 32, 'output_size': 32, 'n_hidden': 40, 'n_layers': 2, 'lr': 0.001, 'num_epochs': 300, 'min_delta': 0.001, 'n_hidden_dense': 32, 'device': device(type='cuda', index=0)}}} 

No. of trainable parameters: 8864

------------------------------ Training begins --------------------------------- 

Config: {'n_states': 32, 'n_obs': 32, 'mu_w': array([0., 0., 0., 0., 0., 0., 0., 0., 0., 0., 0., 0., 0., 0., 0., 0., 0.,
       0., 0., 0., 0., 0., 0., 0., 0., 0., 0., 0., 0., 0., 0., 0.]), 'C_w': None, 'H': array([[1., 0., 0., ..., 0., 0., 0.],
       [0., 1., 0., ..., 0., 0., 0.],
       [0., 0., 1., ..., 0., 0., 0.],
       ...,
       [0., 0., 0., ..., 1., 0., 0.],
       [0., 0., 0., ..., 0., 1., 0.],
       [0., 0., 0., ..., 0., 0., 1.]]), 'mu_x0': array([0., 0., 0., 0., 0., 0., 0., 0., 0., 0., 0., 0., 0., 0., 0., 0., 0.,
       0., 0., 0., 0., 0., 0., 0., 0., 0., 0., 0., 0., 0., 0., 0.]), 'C_x0': array([[1., 0., 0., ..., 0., 0., 0.],
       [0., 1., 0., ..., 0., 0., 0.],
       [0., 0., 1., ..., 0., 0., 0.],
       ...,
       [0., 0., 0., ..., 1., 0., 0.],
       [0., 0., 0., ..., 0., 1., 0.],
       [0., 0., 0., ..., 0., 0., 1.]]), 'batch_size': 64, 'rnn_type': 'gru', 'device': device(type='cuda', index=0), 'rnn_params_dict': {'gru': {'model_type': 'gru', 'input_size': 32, 'output_size': 32, 'n_hidden': 30, 'n_layers': 1, 'lr': 0.01, 'num_epochs': 2000, 'min_delta': 0.05, 'n_hidden_dense': 32, 'device': device(type='cuda', index=0)}, 'rnn': {'model_type': 'gru', 'input_size': 32, 'output_size': 32, 'n_hidden': 40, 'n_layers': 2, 'lr': 0.001, 'num_epochs': 300, 'min_delta': 0.001, 'n_hidden_dense': 32, 'device': device(type='cuda', index=0)}, 'lstm': {'model_type': 'lstm', 'input_size': 32, 'output_size': 32, 'n_hidden': 40, 'n_layers': 2, 'lr': 0.001, 'num_epochs': 300, 'min_delta': 0.001, 'n_hidden_dense': 32, 'device': device(type='cuda', index=0)}}} 

No. of trainable parameters: 8864

------------------------------ Training begins --------------------------------- 

Config: {'n_states': 32, 'n_obs': 32, 'mu_w': array([0., 0., 0., 0., 0., 0., 0., 0., 0., 0., 0., 0., 0., 0., 0., 0., 0.,
       0., 0., 0., 0., 0., 0., 0., 0., 0., 0., 0., 0., 0., 0., 0.]), 'C_w': None, 'H': array([[1., 0., 0., ..., 0., 0., 0.],
       [0., 1., 0., ..., 0., 0., 0.],
       [0., 0., 1., ..., 0., 0., 0.],
       ...,
       [0., 0., 0., ..., 1., 0., 0.],
       [0., 0., 0., ..., 0., 1., 0.],
       [0., 0., 0., ..., 0., 0., 1.]]), 'mu_x0': array([0., 0., 0., 0., 0., 0., 0., 0., 0., 0., 0., 0., 0., 0., 0., 0., 0.,
       0., 0., 0., 0., 0., 0., 0., 0., 0., 0., 0., 0., 0., 0., 0.]), 'C_x0': array([[1., 0., 0., ..., 0., 0., 0.],
       [0., 1., 0., ..., 0., 0., 0.],
       [0., 0., 1., ..., 0., 0., 0.],
       ...,
       [0., 0., 0., ..., 1., 0., 0.],
       [0., 0., 0., ..., 0., 1., 0.],
       [0., 0., 0., ..., 0., 0., 1.]]), 'batch_size': 64, 'rnn_type': 'gru', 'device': device(type='cuda', index=0), 'rnn_params_dict': {'gru': {'model_type': 'gru', 'input_size': 32, 'output_size': 32, 'n_hidden': 30, 'n_layers': 1, 'lr': 0.01, 'num_epochs': 2000, 'min_delta': 0.05, 'n_hidden_dense': 32, 'device': device(type='cuda', index=0)}, 'rnn': {'model_type': 'gru', 'input_size': 32, 'output_size': 32, 'n_hidden': 40, 'n_layers': 2, 'lr': 0.001, 'num_epochs': 300, 'min_delta': 0.001, 'n_hidden_dense': 32, 'device': device(type='cuda', index=0)}, 'lstm': {'model_type': 'lstm', 'input_size': 32, 'output_size': 32, 'n_hidden': 40, 'n_layers': 2, 'lr': 0.001, 'num_epochs': 300, 'min_delta': 0.001, 'n_hidden_dense': 32, 'device': device(type='cuda', index=0)}}} 

No. of trainable parameters: 8864

Epoch: 1/2000, Training NLL:0.967418303, Val. NLL:0.851531446, Val. MSE: 3.801862717, Time_Elapsed:0.3940 secs
Epoch: 50/2000, Training NLL:0.493696267, Val. NLL:0.571724832, Val. MSE: 7.962679386, Time_Elapsed:6.4784 secs
Epoch: 100/2000, Training NLL:0.461009214, Val. NLL:0.541117787, Val. MSE: 8.404545307, Time_Elapsed:12.7077 secs
Epoch: 150/2000, Training NLL:0.452048913, Val. NLL:0.528585613, Val. MSE: 8.706342697, Time_Elapsed:18.8260 secs
Epoch: 200/2000, Training NLL:0.445295662, Val. NLL:0.561570495, Val. MSE: 8.862721443, Time_Elapsed:24.9158 secs
Epoch: 250/2000, Training NLL:0.445291738, Val. NLL:0.563120365, Val. MSE: 8.816949844, Time_Elapsed:30.9396 secs
Epoch: 300/2000, Training NLL:0.441347937, Val. NLL:0.564092278, Val. MSE: 9.037312508, Time_Elapsed:37.0447 secs
Epoch: 350/2000, Training NLL:0.437323734, Val. NLL:0.543273747, Val. MSE: 9.084635258, Time_Elapsed:43.1771 secs
Epoch: 400/2000, Training NLL:0.437246790, Val. NLL:0.567992210, Val. MSE: 9.073177814, Time_Elapsed:49.3673 secs
Epoch: 450/2000, Training NLL:0.434348280, Val. NLL:0.570362359, Val. MSE: 9.186655045, Time_Elapsed:55.6049 secs
Epoch: 500/2000, Training NLL:0.436507493, Val. NLL:0.569622666, Val. MSE: 8.992190838, Time_Elapsed:61.7129 secs
Epoch: 550/2000, Training NLL:0.433147321, Val. NLL:0.577033877, Val. MSE: 9.215818882, Time_Elapsed:67.7513 secs
Epoch: 600/2000, Training NLL:0.434927310, Val. NLL:0.565334588, Val. MSE: 9.284349442, Time_Elapsed:73.9706 secs
Epoch: 650/2000, Training NLL:0.432362114, Val. NLL:0.573013663, Val. MSE: 9.161919594, Time_Elapsed:80.4011 secs
Consecutive iterations are:[669, 670, 671]
Exit and Convergence reached after 3 iterations for relative change in NLL below :0.05
Training convergence attained at Epoch: 671!

Saving the best model at epoch=671, with training loss=0.42898696660995483, validation loss=0.5824350714683533
------------------------------ Training ends --------------------------------- 

------------------------------ Training begins --------------------------------- 

Config: {'n_states': 32, 'n_obs': 32, 'mu_w': array([0., 0., 0., 0., 0., 0., 0., 0., 0., 0., 0., 0., 0., 0., 0., 0., 0.,
       0., 0., 0., 0., 0., 0., 0., 0., 0., 0., 0., 0., 0., 0., 0.]), 'C_w': None, 'H': array([[1., 0., 0., ..., 0., 0., 0.],
       [0., 1., 0., ..., 0., 0., 0.],
       [0., 0., 1., ..., 0., 0., 0.],
       ...,
       [0., 0., 0., ..., 1., 0., 0.],
       [0., 0., 0., ..., 0., 1., 0.],
       [0., 0., 0., ..., 0., 0., 1.]]), 'mu_x0': array([0., 0., 0., 0., 0., 0., 0., 0., 0., 0., 0., 0., 0., 0., 0., 0., 0.,
       0., 0., 0., 0., 0., 0., 0., 0., 0., 0., 0., 0., 0., 0., 0.]), 'C_x0': array([[1., 0., 0., ..., 0., 0., 0.],
       [0., 1., 0., ..., 0., 0., 0.],
       [0., 0., 1., ..., 0., 0., 0.],
       ...,
       [0., 0., 0., ..., 1., 0., 0.],
       [0., 0., 0., ..., 0., 1., 0.],
       [0., 0., 0., ..., 0., 0., 1.]]), 'batch_size': 64, 'rnn_type': 'gru', 'device': device(type='cuda', index=0), 'rnn_params_dict': {'gru': {'model_type': 'gru', 'input_size': 32, 'output_size': 32, 'n_hidden': 30, 'n_layers': 1, 'lr': 0.001, 'num_epochs': 2000, 'min_delta': 0.05, 'n_hidden_dense': 32, 'device': device(type='cuda', index=0)}, 'rnn': {'model_type': 'gru', 'input_size': 32, 'output_size': 32, 'n_hidden': 40, 'n_layers': 2, 'lr': 0.001, 'num_epochs': 300, 'min_delta': 0.001, 'n_hidden_dense': 32, 'device': device(type='cuda', index=0)}, 'lstm': {'model_type': 'lstm', 'input_size': 32, 'output_size': 32, 'n_hidden': 40, 'n_layers': 2, 'lr': 0.001, 'num_epochs': 300, 'min_delta': 0.001, 'n_hidden_dense': 32, 'device': device(type='cuda', index=0)}}} 

No. of trainable parameters: 8864

Epoch: 1/2000, Training NLL:1.027695815, Val. NLL:1.035299659, Val. MSE: 6.104979277, Time_Elapsed:0.3676 secs
Epoch: 50/2000, Training NLL:0.689421515, Val. NLL:0.725913972, Val. MSE: 4.070510149, Time_Elapsed:5.5009 secs
Epoch: 100/2000, Training NLL:0.592108329, Val. NLL:0.635344952, Val. MSE: 5.788144112, Time_Elapsed:10.8432 secs
Epoch: 150/2000, Training NLL:0.548818777, Val. NLL:0.585714638, Val. MSE: 6.740902662, Time_Elapsed:16.1122 secs
Epoch: 200/2000, Training NLL:0.518344512, Val. NLL:0.595508724, Val. MSE: 7.370778084, Time_Elapsed:21.4067 secs
Epoch: 250/2000, Training NLL:0.504490400, Val. NLL:0.565508723, Val. MSE: 7.817154884, Time_Elapsed:26.6523 secs
Epoch: 300/2000, Training NLL:0.489823257, Val. NLL:0.561174273, Val. MSE: 8.168993473, Time_Elapsed:31.9415 secs
Epoch: 350/2000, Training NLL:0.480055263, Val. NLL:0.532895148, Val. MSE: 8.378216743, Time_Elapsed:37.2502 secs
Epoch: 400/2000, Training NLL:0.473722070, Val. NLL:0.557654440, Val. MSE: 8.339529991, Time_Elapsed:42.5530 secs
Epoch: 450/2000, Training NLL:0.468056406, Val. NLL:0.544471562, Val. MSE: 8.409883499, Time_Elapsed:47.8715 secs
Epoch: 500/2000, Training NLL:0.463954121, Val. NLL:0.540761650, Val. MSE: 8.729763031, Time_Elapsed:53.1145 secs
Epoch: 550/2000, Training NLL:0.459973623, Val. NLL:0.549736142, Val. MSE: 8.730254650, Time_Elapsed:58.3958 secs
Epoch: 600/2000, Training NLL:0.459291165, Val. NLL:0.537009448, Val. MSE: 8.782974243, Time_Elapsed:63.6647 secs
Interrupted!! ...saving the model at epoch:624
------------------------------ Training ends --------------------------------- 

------------------------------ Training begins --------------------------------- 

Config: {'n_states': 32, 'n_obs': 32, 'mu_w': array([0., 0., 0., 0., 0., 0., 0., 0., 0., 0., 0., 0., 0., 0., 0., 0., 0.,
       0., 0., 0., 0., 0., 0., 0., 0., 0., 0., 0., 0., 0., 0., 0.]), 'C_w': None, 'H': array([[1., 0., 0., ..., 0., 0., 0.],
       [0., 1., 0., ..., 0., 0., 0.],
       [0., 0., 1., ..., 0., 0., 0.],
       ...,
       [0., 0., 0., ..., 1., 0., 0.],
       [0., 0., 0., ..., 0., 1., 0.],
       [0., 0., 0., ..., 0., 0., 1.]]), 'mu_x0': array([0., 0., 0., 0., 0., 0., 0., 0., 0., 0., 0., 0., 0., 0., 0., 0., 0.,
       0., 0., 0., 0., 0., 0., 0., 0., 0., 0., 0., 0., 0., 0., 0.]), 'C_x0': array([[1., 0., 0., ..., 0., 0., 0.],
       [0., 1., 0., ..., 0., 0., 0.],
       [0., 0., 1., ..., 0., 0., 0.],
       ...,
       [0., 0., 0., ..., 1., 0., 0.],
       [0., 0., 0., ..., 0., 1., 0.],
       [0., 0., 0., ..., 0., 0., 1.]]), 'batch_size': 64, 'rnn_type': 'gru', 'device': device(type='cuda', index=0), 'rnn_params_dict': {'gru': {'model_type': 'gru', 'input_size': 32, 'output_size': 32, 'n_hidden': 60, 'n_layers': 1, 'lr': 0.001, 'num_epochs': 2000, 'min_delta': 0.05, 'n_hidden_dense': 32, 'device': device(type='cuda', index=0)}, 'rnn': {'model_type': 'gru', 'input_size': 32, 'output_size': 32, 'n_hidden': 40, 'n_layers': 2, 'lr': 0.001, 'num_epochs': 300, 'min_delta': 0.001, 'n_hidden_dense': 32, 'device': device(type='cuda', index=0)}, 'lstm': {'model_type': 'lstm', 'input_size': 32, 'output_size': 32, 'n_hidden': 40, 'n_layers': 2, 'lr': 0.001, 'num_epochs': 300, 'min_delta': 0.001, 'n_hidden_dense': 32, 'device': device(type='cuda', index=0)}}} 

No. of trainable parameters: 20984

Epoch: 1/2000, Training NLL:1.013693869, Val. NLL:1.001501381, Val. MSE: 5.948087454, Time_Elapsed:0.3668 secs
Epoch: 50/2000, Training NLL:0.604783018, Val. NLL:0.665009499, Val. MSE: 5.334943771, Time_Elapsed:5.5496 secs
Epoch: 100/2000, Training NLL:0.493302296, Val. NLL:0.569388181, Val. MSE: 7.886315823, Time_Elapsed:10.8183 secs
Epoch: 150/2000, Training NLL:0.450863217, Val. NLL:0.532939613, Val. MSE: 8.746144772, Time_Elapsed:16.1368 secs
Epoch: 200/2000, Training NLL:0.429242526, Val. NLL:0.522701830, Val. MSE: 9.266707420, Time_Elapsed:21.3280 secs
Interrupted!! ...saving the model at epoch:229
------------------------------ Training ends --------------------------------- 

------------------------------ Training begins --------------------------------- 

Config: {'n_states': 32, 'n_obs': 32, 'mu_w': array([0., 0., 0., 0., 0., 0., 0., 0., 0., 0., 0., 0., 0., 0., 0., 0., 0.,
       0., 0., 0., 0., 0., 0., 0., 0., 0., 0., 0., 0., 0., 0., 0.]), 'C_w': None, 'H': array([[1., 0., 0., ..., 0., 0., 0.],
       [0., 1., 0., ..., 0., 0., 0.],
       [0., 0., 1., ..., 0., 0., 0.],
       ...,
       [0., 0., 0., ..., 1., 0., 0.],
       [0., 0., 0., ..., 0., 1., 0.],
       [0., 0., 0., ..., 0., 0., 1.]]), 'mu_x0': array([0., 0., 0., 0., 0., 0., 0., 0., 0., 0., 0., 0., 0., 0., 0., 0., 0.,
       0., 0., 0., 0., 0., 0., 0., 0., 0., 0., 0., 0., 0., 0., 0.]), 'C_x0': array([[1., 0., 0., ..., 0., 0., 0.],
       [0., 1., 0., ..., 0., 0., 0.],
       [0., 0., 1., ..., 0., 0., 0.],
       ...,
       [0., 0., 0., ..., 1., 0., 0.],
       [0., 0., 0., ..., 0., 1., 0.],
       [0., 0., 0., ..., 0., 0., 1.]]), 'batch_size': 64, 'rnn_type': 'gru', 'device': device(type='cuda', index=0), 'rnn_params_dict': {'gru': {'model_type': 'gru', 'input_size': 32, 'output_size': 32, 'n_hidden': 60, 'n_layers': 1, 'lr': 0.0001, 'num_epochs': 2000, 'min_delta': 0.05, 'n_hidden_dense': 32, 'device': device(type='cuda', index=0)}, 'rnn': {'model_type': 'gru', 'input_size': 32, 'output_size': 32, 'n_hidden': 40, 'n_layers': 2, 'lr': 0.001, 'num_epochs': 300, 'min_delta': 0.001, 'n_hidden_dense': 32, 'device': device(type='cuda', index=0)}, 'lstm': {'model_type': 'lstm', 'input_size': 32, 'output_size': 32, 'n_hidden': 40, 'n_layers': 2, 'lr': 0.001, 'num_epochs': 300, 'min_delta': 0.001, 'n_hidden_dense': 32, 'device': device(type='cuda', index=0)}}} 

No. of trainable parameters: 20984

Epoch: 1/2000, Training NLL:1.019826293, Val. NLL:1.015887380, Val. MSE: 6.122588634, Time_Elapsed:0.3770 secs
Epoch: 50/2000, Training NLL:0.823236247, Val. NLL:0.844092429, Val. MSE: 3.444099903, Time_Elapsed:5.6823 secs
Epoch: 100/2000, Training NLL:0.778665294, Val. NLL:0.784183443, Val. MSE: 3.068357229, Time_Elapsed:11.0392 secs
Epoch: 150/2000, Training NLL:0.750254730, Val. NLL:0.751358271, Val. MSE: 3.331402659, Time_Elapsed:16.3420 secs
Epoch: 200/2000, Training NLL:0.722193807, Val. NLL:0.727721572, Val. MSE: 3.509960413, Time_Elapsed:21.6720 secs
Epoch: 250/2000, Training NLL:0.696462125, Val. NLL:0.735108316, Val. MSE: 3.824005008, Time_Elapsed:27.0663 secs
Epoch: 300/2000, Training NLL:0.673933943, Val. NLL:0.735913217, Val. MSE: 4.094631672, Time_Elapsed:32.2487 secs
Epoch: 350/2000, Training NLL:0.650671641, Val. NLL:0.701404542, Val. MSE: 4.425946951, Time_Elapsed:37.5703 secs
Epoch: 400/2000, Training NLL:0.630712450, Val. NLL:0.681679904, Val. MSE: 4.735763550, Time_Elapsed:42.9556 secs
Epoch: 450/2000, Training NLL:0.611086597, Val. NLL:0.648915976, Val. MSE: 5.170384645, Time_Elapsed:48.2317 secs
Epoch: 500/2000, Training NLL:0.593289107, Val. NLL:0.633390814, Val. MSE: 5.447234392, Time_Elapsed:53.7293 secs
Epoch: 550/2000, Training NLL:0.576367090, Val. NLL:0.636227131, Val. MSE: 5.806075335, Time_Elapsed:58.9595 secs
Epoch: 600/2000, Training NLL:0.561645846, Val. NLL:0.615478575, Val. MSE: 6.236893415, Time_Elapsed:64.3587 secs
Epoch: 650/2000, Training NLL:0.549525897, Val. NLL:0.622992933, Val. MSE: 6.368669033, Time_Elapsed:69.7055 secs
Consecutive iterations are:[669, 670, 671]
Exit and Convergence reached after 3 iterations for relative change in NLL below :0.05
Training convergence attained at Epoch: 671!

Saving the best model at epoch=671, with training loss=0.5447510480880737, validation loss=0.6026627719402313
------------------------------ Training ends --------------------------------- 

------------------------------ Training begins --------------------------------- 

Config: {'n_states': 32, 'n_obs': 32, 'mu_w': array([0., 0., 0., 0., 0., 0., 0., 0., 0., 0., 0., 0., 0., 0., 0., 0., 0.,
       0., 0., 0., 0., 0., 0., 0., 0., 0., 0., 0., 0., 0., 0., 0.]), 'C_w': None, 'H': array([[1., 0., 0., ..., 0., 0., 0.],
       [0., 1., 0., ..., 0., 0., 0.],
       [0., 0., 1., ..., 0., 0., 0.],
       ...,
       [0., 0., 0., ..., 1., 0., 0.],
       [0., 0., 0., ..., 0., 1., 0.],
       [0., 0., 0., ..., 0., 0., 1.]]), 'mu_x0': array([0., 0., 0., 0., 0., 0., 0., 0., 0., 0., 0., 0., 0., 0., 0., 0., 0.,
       0., 0., 0., 0., 0., 0., 0., 0., 0., 0., 0., 0., 0., 0., 0.]), 'C_x0': array([[1., 0., 0., ..., 0., 0., 0.],
       [0., 1., 0., ..., 0., 0., 0.],
       [0., 0., 1., ..., 0., 0., 0.],
       ...,
       [0., 0., 0., ..., 1., 0., 0.],
       [0., 0., 0., ..., 0., 1., 0.],
       [0., 0., 0., ..., 0., 0., 1.]]), 'batch_size': 64, 'rnn_type': 'gru', 'device': device(type='cuda', index=0), 'rnn_params_dict': {'gru': {'model_type': 'gru', 'input_size': 32, 'output_size': 32, 'n_hidden': 20, 'n_layers': 1, 'lr': 0.0001, 'num_epochs': 2000, 'min_delta': 0.05, 'n_hidden_dense': 32, 'device': device(type='cuda', index=0)}, 'rnn': {'model_type': 'gru', 'input_size': 32, 'output_size': 32, 'n_hidden': 40, 'n_layers': 2, 'lr': 0.001, 'num_epochs': 300, 'min_delta': 0.001, 'n_hidden_dense': 32, 'device': device(type='cuda', index=0)}, 'lstm': {'model_type': 'lstm', 'input_size': 32, 'output_size': 32, 'n_hidden': 40, 'n_layers': 2, 'lr': 0.001, 'num_epochs': 300, 'min_delta': 0.001, 'n_hidden_dense': 32, 'device': device(type='cuda', index=0)}}} 

No. of trainable parameters: 6024

Epoch: 1/2000, Training NLL:1.028737118, Val. NLL:1.018365204, Val. MSE: 6.365985870, Time_Elapsed:0.3696 secs
Epoch: 50/2000, Training NLL:0.926006724, Val. NLL:0.911172599, Val. MSE: 4.837203503, Time_Elapsed:5.5268 secs
Epoch: 100/2000, Training NLL:0.805753022, Val. NLL:0.810952455, Val. MSE: 3.178711414, Time_Elapsed:10.8867 secs
Epoch: 150/2000, Training NLL:0.792684277, Val. NLL:0.790501952, Val. MSE: 3.010062099, Time_Elapsed:16.1801 secs
Epoch: 200/2000, Training NLL:0.784705232, Val. NLL:0.796856552, Val. MSE: 3.053403616, Time_Elapsed:21.4438 secs
Epoch: 250/2000, Training NLL:0.776638190, Val. NLL:0.805214912, Val. MSE: 3.084878325, Time_Elapsed:26.7306 secs
Epoch: 300/2000, Training NLL:0.767022769, Val. NLL:0.779945195, Val. MSE: 3.115661144, Time_Elapsed:31.9772 secs
Epoch: 350/2000, Training NLL:0.755611638, Val. NLL:0.757246107, Val. MSE: 3.301564932, Time_Elapsed:37.3293 secs
Epoch: 400/2000, Training NLL:0.745073060, Val. NLL:0.760512203, Val. MSE: 3.305509329, Time_Elapsed:42.5703 secs
Epoch: 450/2000, Training NLL:0.734807859, Val. NLL:0.762932241, Val. MSE: 3.431586623, Time_Elapsed:47.8912 secs
Epoch: 500/2000, Training NLL:0.726171593, Val. NLL:0.762863100, Val. MSE: 3.604095578, Time_Elapsed:53.1930 secs
Epoch: 550/2000, Training NLL:0.716929744, Val. NLL:0.747388542, Val. MSE: 3.604345560, Time_Elapsed:58.5129 secs
Epoch: 600/2000, Training NLL:0.707718303, Val. NLL:0.724097192, Val. MSE: 3.743314385, Time_Elapsed:63.8014 secs
Epoch: 650/2000, Training NLL:0.699225922, Val. NLL:0.738097072, Val. MSE: 3.949332356, Time_Elapsed:69.0753 secs
Consecutive iterations are:[669, 670, 671]
Exit and Convergence reached after 3 iterations for relative change in NLL below :0.05
Training convergence attained at Epoch: 671!

Saving the best model at epoch=671, with training loss=0.6958686709403992, validation loss=0.7285944819450378
------------------------------ Training ends --------------------------------- 

------------------------------ Training begins --------------------------------- 

Config: {'n_states': 32, 'n_obs': 32, 'mu_w': array([0., 0., 0., 0., 0., 0., 0., 0., 0., 0., 0., 0., 0., 0., 0., 0., 0.,
       0., 0., 0., 0., 0., 0., 0., 0., 0., 0., 0., 0., 0., 0., 0.]), 'C_w': None, 'H': array([[1., 0., 0., ..., 0., 0., 0.],
       [0., 1., 0., ..., 0., 0., 0.],
       [0., 0., 1., ..., 0., 0., 0.],
       ...,
       [0., 0., 0., ..., 1., 0., 0.],
       [0., 0., 0., ..., 0., 1., 0.],
       [0., 0., 0., ..., 0., 0., 1.]]), 'mu_x0': array([0., 0., 0., 0., 0., 0., 0., 0., 0., 0., 0., 0., 0., 0., 0., 0., 0.,
       0., 0., 0., 0., 0., 0., 0., 0., 0., 0., 0., 0., 0., 0., 0.]), 'C_x0': array([[1., 0., 0., ..., 0., 0., 0.],
       [0., 1., 0., ..., 0., 0., 0.],
       [0., 0., 1., ..., 0., 0., 0.],
       ...,
       [0., 0., 0., ..., 1., 0., 0.],
       [0., 0., 0., ..., 0., 1., 0.],
       [0., 0., 0., ..., 0., 0., 1.]]), 'batch_size': 64, 'rnn_type': 'gru', 'device': device(type='cuda', index=0), 'rnn_params_dict': {'gru': {'model_type': 'gru', 'input_size': 32, 'output_size': 32, 'n_hidden': 20, 'n_layers': 1, 'lr': 0.0001, 'num_epochs': 2000, 'min_delta': 0.05, 'n_hidden_dense': 64, 'device': device(type='cuda', index=0)}, 'rnn': {'model_type': 'gru', 'input_size': 32, 'output_size': 32, 'n_hidden': 40, 'n_layers': 2, 'lr': 0.001, 'num_epochs': 300, 'min_delta': 0.001, 'n_hidden_dense': 32, 'device': device(type='cuda', index=0)}, 'lstm': {'model_type': 'lstm', 'input_size': 32, 'output_size': 32, 'n_hidden': 40, 'n_layers': 2, 'lr': 0.001, 'num_epochs': 300, 'min_delta': 0.001, 'n_hidden_dense': 32, 'device': device(type='cuda', index=0)}}} 

No. of trainable parameters: 8744

Epoch: 1/2000, Training NLL:1.019126544, Val. NLL:1.009113997, Val. MSE: 6.160315275, Time_Elapsed:0.3585 secs
Epoch: 50/2000, Training NLL:0.856001864, Val. NLL:0.827205151, Val. MSE: 3.899864912, Time_Elapsed:5.6977 secs
Epoch: 100/2000, Training NLL:0.792156468, Val. NLL:0.804569423, Val. MSE: 3.028336763, Time_Elapsed:11.1118 secs
Epoch: 150/2000, Training NLL:0.778233985, Val. NLL:0.785769582, Val. MSE: 2.972875714, Time_Elapsed:16.5592 secs
Epoch: 200/2000, Training NLL:0.763827691, Val. NLL:0.804145724, Val. MSE: 3.122250676, Time_Elapsed:21.9694 secs
Epoch: 250/2000, Training NLL:0.747359018, Val. NLL:0.761295378, Val. MSE: 3.235820055, Time_Elapsed:27.4080 secs
Epoch: 300/2000, Training NLL:0.732325037, Val. NLL:0.747580141, Val. MSE: 3.343188882, Time_Elapsed:32.8883 secs
Epoch: 350/2000, Training NLL:0.717924039, Val. NLL:0.721045673, Val. MSE: 3.546615839, Time_Elapsed:38.3382 secs
Epoch: 400/2000, Training NLL:0.704295595, Val. NLL:0.724262059, Val. MSE: 3.776907206, Time_Elapsed:43.6948 secs
Epoch: 450/2000, Training NLL:0.691148917, Val. NLL:0.714243054, Val. MSE: 3.961210847, Time_Elapsed:49.0400 secs
Epoch: 500/2000, Training NLL:0.679986308, Val. NLL:0.716671169, Val. MSE: 4.197415590, Time_Elapsed:54.4299 secs
Epoch: 550/2000, Training NLL:0.668967108, Val. NLL:0.714163929, Val. MSE: 4.459881306, Time_Elapsed:59.7469 secs
Epoch: 600/2000, Training NLL:0.659552038, Val. NLL:0.707481116, Val. MSE: 4.598724842, Time_Elapsed:65.1702 secs
Epoch: 650/2000, Training NLL:0.648678372, Val. NLL:0.708515286, Val. MSE: 4.865540504, Time_Elapsed:70.5222 secs
Consecutive iterations are:[669, 670, 671]
Exit and Convergence reached after 3 iterations for relative change in NLL below :0.05
Training convergence attained at Epoch: 671!

Saving the best model at epoch=671, with training loss=0.6452166239420573, validation loss=0.6985038816928864
------------------------------ Training ends --------------------------------- 

------------------------------ Training begins --------------------------------- 

Config: {'n_states': 32, 'n_obs': 32, 'mu_w': array([0., 0., 0., 0., 0., 0., 0., 0., 0., 0., 0., 0., 0., 0., 0., 0., 0.,
       0., 0., 0., 0., 0., 0., 0., 0., 0., 0., 0., 0., 0., 0., 0.]), 'C_w': None, 'H': array([[1., 0., 0., ..., 0., 0., 0.],
       [0., 1., 0., ..., 0., 0., 0.],
       [0., 0., 1., ..., 0., 0., 0.],
       ...,
       [0., 0., 0., ..., 1., 0., 0.],
       [0., 0., 0., ..., 0., 1., 0.],
       [0., 0., 0., ..., 0., 0., 1.]]), 'mu_x0': array([0., 0., 0., 0., 0., 0., 0., 0., 0., 0., 0., 0., 0., 0., 0., 0., 0.,
       0., 0., 0., 0., 0., 0., 0., 0., 0., 0., 0., 0., 0., 0., 0.]), 'C_x0': array([[1., 0., 0., ..., 0., 0., 0.],
       [0., 1., 0., ..., 0., 0., 0.],
       [0., 0., 1., ..., 0., 0., 0.],
       ...,
       [0., 0., 0., ..., 1., 0., 0.],
       [0., 0., 0., ..., 0., 1., 0.],
       [0., 0., 0., ..., 0., 0., 1.]]), 'batch_size': 64, 'rnn_type': 'gru', 'device': device(type='cuda', index=0), 'rnn_params_dict': {'gru': {'model_type': 'gru', 'input_size': 32, 'output_size': 32, 'n_hidden': 20, 'n_layers': 1, 'lr': 0.0001, 'num_epochs': 2000, 'min_delta': 0.05, 'n_hidden_dense': 64, 'device': device(type='cuda', index=0)}, 'rnn': {'model_type': 'gru', 'input_size': 32, 'output_size': 32, 'n_hidden': 40, 'n_layers': 2, 'lr': 0.001, 'num_epochs': 300, 'min_delta': 0.001, 'n_hidden_dense': 32, 'device': device(type='cuda', index=0)}, 'lstm': {'model_type': 'lstm', 'input_size': 32, 'output_size': 32, 'n_hidden': 40, 'n_layers': 2, 'lr': 0.001, 'num_epochs': 300, 'min_delta': 0.001, 'n_hidden_dense': 32, 'device': device(type='cuda', index=0)}}} 

No. of trainable parameters: 8744

Epoch: 1/2000, Training NLL:1.019126544, Val. NLL:1.009113997, Val. MSE: 6.160315275, Time_Elapsed:0.3769 secs
Epoch: 50/2000, Training NLL:0.856001864, Val. NLL:0.827205151, Val. MSE: 3.899864912, Time_Elapsed:5.7143 secs
Epoch: 100/2000, Training NLL:0.792156468, Val. NLL:0.804569423, Val. MSE: 3.028336763, Time_Elapsed:11.0603 secs
Epoch: 150/2000, Training NLL:0.778233985, Val. NLL:0.785769582, Val. MSE: 2.972875714, Time_Elapsed:16.4946 secs
Epoch: 200/2000, Training NLL:0.763827691, Val. NLL:0.804145724, Val. MSE: 3.122250676, Time_Elapsed:21.9565 secs
Epoch: 250/2000, Training NLL:0.747359018, Val. NLL:0.761295378, Val. MSE: 3.235820055, Time_Elapsed:27.3952 secs
Epoch: 300/2000, Training NLL:0.732325037, Val. NLL:0.747580141, Val. MSE: 3.343188882, Time_Elapsed:32.8910 secs
Epoch: 350/2000, Training NLL:0.717924039, Val. NLL:0.721045673, Val. MSE: 3.546615839, Time_Elapsed:38.2791 secs
Epoch: 400/2000, Training NLL:0.704295595, Val. NLL:0.724262059, Val. MSE: 3.776907206, Time_Elapsed:43.7220 secs
Epoch: 450/2000, Training NLL:0.691148917, Val. NLL:0.714243054, Val. MSE: 3.961210847, Time_Elapsed:49.0611 secs
Epoch: 500/2000, Training NLL:0.679986308, Val. NLL:0.716671169, Val. MSE: 4.197415590, Time_Elapsed:54.3146 secs
Epoch: 550/2000, Training NLL:0.668967108, Val. NLL:0.714163929, Val. MSE: 4.459881306, Time_Elapsed:59.6569 secs
Epoch: 600/2000, Training NLL:0.659552038, Val. NLL:0.707481116, Val. MSE: 4.598724842, Time_Elapsed:65.0194 secs
Epoch: 650/2000, Training NLL:0.648678372, Val. NLL:0.708515286, Val. MSE: 4.865540504, Time_Elapsed:70.3345 secs
Consecutive iterations are:[669, 670, 671]
Exit and Convergence reached after 3 iterations for relative change in NLL below :0.05
Training convergence attained at Epoch: 671!

Saving the best model at epoch=671, with training loss=0.6452166239420573, validation loss=0.6985038816928864
------------------------------ Training ends --------------------------------- 

------------------------------ Training begins --------------------------------- 

Config: {'n_states': 32, 'n_obs': 32, 'mu_w': array([0., 0., 0., 0., 0., 0., 0., 0., 0., 0., 0., 0., 0., 0., 0., 0., 0.,
       0., 0., 0., 0., 0., 0., 0., 0., 0., 0., 0., 0., 0., 0., 0.]), 'C_w': None, 'H': array([[1., 0., 0., ..., 0., 0., 0.],
       [0., 1., 0., ..., 0., 0., 0.],
       [0., 0., 1., ..., 0., 0., 0.],
       ...,
       [0., 0., 0., ..., 1., 0., 0.],
       [0., 0., 0., ..., 0., 1., 0.],
       [0., 0., 0., ..., 0., 0., 1.]]), 'mu_x0': array([0., 0., 0., 0., 0., 0., 0., 0., 0., 0., 0., 0., 0., 0., 0., 0., 0.,
       0., 0., 0., 0., 0., 0., 0., 0., 0., 0., 0., 0., 0., 0., 0.]), 'C_x0': array([[1., 0., 0., ..., 0., 0., 0.],
       [0., 1., 0., ..., 0., 0., 0.],
       [0., 0., 1., ..., 0., 0., 0.],
       ...,
       [0., 0., 0., ..., 1., 0., 0.],
       [0., 0., 0., ..., 0., 1., 0.],
       [0., 0., 0., ..., 0., 0., 1.]]), 'batch_size': 64, 'rnn_type': 'gru', 'device': device(type='cuda', index=0), 'rnn_params_dict': {'gru': {'model_type': 'gru', 'input_size': 32, 'output_size': 32, 'n_hidden': 20, 'n_layers': 1, 'lr': 0.0001, 'num_epochs': 2000, 'min_delta': 0.05, 'n_hidden_dense': 64, 'device': device(type='cuda', index=0)}, 'rnn': {'model_type': 'gru', 'input_size': 32, 'output_size': 32, 'n_hidden': 40, 'n_layers': 2, 'lr': 0.001, 'num_epochs': 300, 'min_delta': 0.001, 'n_hidden_dense': 32, 'device': device(type='cuda', index=0)}, 'lstm': {'model_type': 'lstm', 'input_size': 32, 'output_size': 32, 'n_hidden': 40, 'n_layers': 2, 'lr': 0.001, 'num_epochs': 300, 'min_delta': 0.001, 'n_hidden_dense': 32, 'device': device(type='cuda', index=0)}}} 

No. of trainable parameters: 8744

Epoch: 1/2000, Training NLL:0.900110284, Val. NLL:0.961831272, Val. MSE: 5.500232458, Time_Elapsed:0.4329 secs
Epoch: 50/2000, Training NLL:0.747355521, Val. NLL:0.809633851, Val. MSE: 3.396054506, Time_Elapsed:7.6368 secs
Epoch: 100/2000, Training NLL:0.671807945, Val. NLL:0.697583884, Val. MSE: 2.572546959, Time_Elapsed:15.0677 secs
Epoch: 150/2000, Training NLL:0.636003365, Val. NLL:0.732461214, Val. MSE: 2.716115952, Time_Elapsed:22.3766 secs
Epoch: 200/2000, Training NLL:0.603984217, Val. NLL:0.677860439, Val. MSE: 2.593057036, Time_Elapsed:29.7750 secs
Epoch: 250/2000, Training NLL:0.569224536, Val. NLL:0.605135262, Val. MSE: 2.609368801, Time_Elapsed:36.9943 secs
Epoch: 300/2000, Training NLL:0.536480804, Val. NLL:0.578980982, Val. MSE: 2.728678703, Time_Elapsed:44.2964 secs
Epoch: 350/2000, Training NLL:0.506659915, Val. NLL:0.539242357, Val. MSE: 2.683820248, Time_Elapsed:51.7449 secs
Epoch: 400/2000, Training NLL:0.480988249, Val. NLL:0.594194591, Val. MSE: 3.032973647, Time_Elapsed:59.2276 secs
Epoch: 450/2000, Training NLL:0.458069662, Val. NLL:0.524827063, Val. MSE: 2.827763200, Time_Elapsed:66.6862 secs
Epoch: 500/2000, Training NLL:0.438744873, Val. NLL:0.505642176, Val. MSE: 3.043337822, Time_Elapsed:74.0916 secs
Epoch: 550/2000, Training NLL:0.419580365, Val. NLL:0.495200679, Val. MSE: 3.110914946, Time_Elapsed:81.5724 secs
Epoch: 600/2000, Training NLL:0.404227878, Val. NLL:0.513578698, Val. MSE: 3.323812604, Time_Elapsed:89.0773 secs
Epoch: 650/2000, Training NLL:0.387887940, Val. NLL:0.463760242, Val. MSE: 3.384629250, Time_Elapsed:96.5634 secs
Consecutive iterations are:[674, 675, 676]
Exit and Convergence reached after 3 iterations for relative change in NLL below :0.05
Training convergence attained at Epoch: 676!

Saving the best model at epoch=676, with training loss=0.3794882545868556, validation loss=0.4571031481027603
------------------------------ Training ends --------------------------------- 

------------------------------ Training begins --------------------------------- 

Config: {'n_states': 32, 'n_obs': 32, 'mu_w': array([0., 0., 0., 0., 0., 0., 0., 0., 0., 0., 0., 0., 0., 0., 0., 0., 0.,
       0., 0., 0., 0., 0., 0., 0., 0., 0., 0., 0., 0., 0., 0., 0.]), 'C_w': None, 'H': array([[1., 0., 0., ..., 0., 0., 0.],
       [0., 1., 0., ..., 0., 0., 0.],
       [0., 0., 1., ..., 0., 0., 0.],
       ...,
       [0., 0., 0., ..., 1., 0., 0.],
       [0., 0., 0., ..., 0., 1., 0.],
       [0., 0., 0., ..., 0., 0., 1.]]), 'mu_x0': array([0., 0., 0., 0., 0., 0., 0., 0., 0., 0., 0., 0., 0., 0., 0., 0., 0.,
       0., 0., 0., 0., 0., 0., 0., 0., 0., 0., 0., 0., 0., 0., 0.]), 'C_x0': array([[1., 0., 0., ..., 0., 0., 0.],
       [0., 1., 0., ..., 0., 0., 0.],
       [0., 0., 1., ..., 0., 0., 0.],
       ...,
       [0., 0., 0., ..., 1., 0., 0.],
       [0., 0., 0., ..., 0., 1., 0.],
       [0., 0., 0., ..., 0., 0., 1.]]), 'batch_size': 64, 'rnn_type': 'gru', 'device': device(type='cuda', index=0), 'rnn_params_dict': {'gru': {'model_type': 'gru', 'input_size': 32, 'output_size': 32, 'n_hidden': 20, 'n_layers': 1, 'lr': 0.0001, 'num_epochs': 2000, 'min_delta': 0.05, 'n_hidden_dense': 64, 'device': device(type='cuda', index=0)}, 'rnn': {'model_type': 'gru', 'input_size': 32, 'output_size': 32, 'n_hidden': 40, 'n_layers': 2, 'lr': 0.001, 'num_epochs': 300, 'min_delta': 0.001, 'n_hidden_dense': 32, 'device': device(type='cuda', index=0)}, 'lstm': {'model_type': 'lstm', 'input_size': 32, 'output_size': 32, 'n_hidden': 40, 'n_layers': 2, 'lr': 0.001, 'num_epochs': 300, 'min_delta': 0.001, 'n_hidden_dense': 32, 'device': device(type='cuda', index=0)}}} 

No. of trainable parameters: 8744

Epoch: 1/2000, Training NLL:0.900110284, Val. NLL:0.961831272, Val. MSE: 5.500232458, Time_Elapsed:0.4389 secs
Epoch: 50/2000, Training NLL:0.747355521, Val. NLL:0.809633851, Val. MSE: 3.396054506, Time_Elapsed:7.7813 secs
Epoch: 100/2000, Training NLL:0.671807945, Val. NLL:0.697583884, Val. MSE: 2.572546959, Time_Elapsed:15.2066 secs
Epoch: 150/2000, Training NLL:0.636003365, Val. NLL:0.732461214, Val. MSE: 2.716115952, Time_Elapsed:22.6468 secs
Epoch: 200/2000, Training NLL:0.603984217, Val. NLL:0.677860439, Val. MSE: 2.593057036, Time_Elapsed:30.0281 secs
Epoch: 250/2000, Training NLL:0.569224536, Val. NLL:0.605135262, Val. MSE: 2.609368801, Time_Elapsed:37.4785 secs
Epoch: 300/2000, Training NLL:0.536480804, Val. NLL:0.578980982, Val. MSE: 2.728678703, Time_Elapsed:44.9655 secs
Epoch: 350/2000, Training NLL:0.506659915, Val. NLL:0.539242357, Val. MSE: 2.683820248, Time_Elapsed:52.3578 secs
Epoch: 400/2000, Training NLL:0.480988249, Val. NLL:0.594194591, Val. MSE: 3.032973647, Time_Elapsed:59.7040 secs
Epoch: 450/2000, Training NLL:0.458069662, Val. NLL:0.524827063, Val. MSE: 2.827763200, Time_Elapsed:67.2014 secs
Epoch: 500/2000, Training NLL:0.438744873, Val. NLL:0.505642176, Val. MSE: 3.043337822, Time_Elapsed:74.6016 secs
Epoch: 550/2000, Training NLL:0.419580365, Val. NLL:0.495200679, Val. MSE: 3.110914946, Time_Elapsed:82.0648 secs
Epoch: 600/2000, Training NLL:0.404227878, Val. NLL:0.513578698, Val. MSE: 3.323812604, Time_Elapsed:89.6312 secs
Epoch: 650/2000, Training NLL:0.387887940, Val. NLL:0.463760242, Val. MSE: 3.384629250, Time_Elapsed:97.1420 secs
Consecutive iterations are:[674, 675, 676]
Exit and Convergence reached after 3 iterations for relative change in NLL below :0.05
Training convergence attained at Epoch: 676!

Saving the best model at epoch=676, with training loss=0.3794882545868556, validation loss=0.4571031481027603
------------------------------ Training ends --------------------------------- 

------------------------------ Training begins --------------------------------- 

Config: {'n_states': 32, 'n_obs': 32, 'mu_w': array([0., 0., 0., 0., 0., 0., 0., 0., 0., 0., 0., 0., 0., 0., 0., 0., 0.,
       0., 0., 0., 0., 0., 0., 0., 0., 0., 0., 0., 0., 0., 0., 0.]), 'C_w': None, 'H': array([[1., 0., 0., ..., 0., 0., 0.],
       [0., 1., 0., ..., 0., 0., 0.],
       [0., 0., 1., ..., 0., 0., 0.],
       ...,
       [0., 0., 0., ..., 1., 0., 0.],
       [0., 0., 0., ..., 0., 1., 0.],
       [0., 0., 0., ..., 0., 0., 1.]]), 'mu_x0': array([0., 0., 0., 0., 0., 0., 0., 0., 0., 0., 0., 0., 0., 0., 0., 0., 0.,
       0., 0., 0., 0., 0., 0., 0., 0., 0., 0., 0., 0., 0., 0., 0.]), 'C_x0': array([[1., 0., 0., ..., 0., 0., 0.],
       [0., 1., 0., ..., 0., 0., 0.],
       [0., 0., 1., ..., 0., 0., 0.],
       ...,
       [0., 0., 0., ..., 1., 0., 0.],
       [0., 0., 0., ..., 0., 1., 0.],
       [0., 0., 0., ..., 0., 0., 1.]]), 'batch_size': 64, 'rnn_type': 'gru', 'device': device(type='cuda', index=0), 'rnn_params_dict': {'gru': {'model_type': 'gru', 'input_size': 32, 'output_size': 32, 'n_hidden': 20, 'n_layers': 1, 'lr': 0.0001, 'num_epochs': 2000, 'min_delta': 0.05, 'n_hidden_dense': 64, 'device': device(type='cuda', index=0)}, 'rnn': {'model_type': 'gru', 'input_size': 32, 'output_size': 32, 'n_hidden': 40, 'n_layers': 2, 'lr': 0.001, 'num_epochs': 300, 'min_delta': 0.001, 'n_hidden_dense': 32, 'device': device(type='cuda', index=0)}, 'lstm': {'model_type': 'lstm', 'input_size': 32, 'output_size': 32, 'n_hidden': 40, 'n_layers': 2, 'lr': 0.001, 'num_epochs': 300, 'min_delta': 0.001, 'n_hidden_dense': 32, 'device': device(type='cuda', index=0)}}} 

No. of trainable parameters: 8744

Epoch: 1/2000, Training NLL:0.950354874, Val. NLL:1.020250231, Val. MSE: 6.127584696, Time_Elapsed:0.3866 secs
Epoch: 50/2000, Training NLL:0.809862485, Val. NLL:0.880323678, Val. MSE: 4.025897264, Time_Elapsed:7.1214 secs
Epoch: 100/2000, Training NLL:0.715763936, Val. NLL:0.745867461, Val. MSE: 2.884584665, Time_Elapsed:13.9987 secs
Epoch: 150/2000, Training NLL:0.682578295, Val. NLL:0.771993309, Val. MSE: 3.164889932, Time_Elapsed:20.8541 secs
Epoch: 200/2000, Training NLL:0.651876529, Val. NLL:0.710284650, Val. MSE: 3.070492625, Time_Elapsed:27.7360 secs
Epoch: 250/2000, Training NLL:0.621271650, Val. NLL:0.652969271, Val. MSE: 2.937793016, Time_Elapsed:34.5836 secs
Epoch: 300/2000, Training NLL:0.592464179, Val. NLL:0.629604280, Val. MSE: 3.064359188, Time_Elapsed:41.3845 secs
Epoch: 350/2000, Training NLL:0.563025544, Val. NLL:0.597971141, Val. MSE: 3.167930603, Time_Elapsed:48.3064 secs
Epoch: 400/2000, Training NLL:0.538292656, Val. NLL:0.627345860, Val. MSE: 3.572813272, Time_Elapsed:55.2376 secs
Epoch: 450/2000, Training NLL:0.516299854, Val. NLL:0.563745379, Val. MSE: 3.236614227, Time_Elapsed:62.1763 secs
Epoch: 500/2000, Training NLL:0.495802502, Val. NLL:0.568914741, Val. MSE: 3.637286901, Time_Elapsed:69.0340 secs
Epoch: 550/2000, Training NLL:0.478072658, Val. NLL:0.542437226, Val. MSE: 3.524235368, Time_Elapsed:75.8941 secs
Epoch: 600/2000, Training NLL:0.461824685, Val. NLL:0.571108162, Val. MSE: 3.772454977, Time_Elapsed:82.7814 secs
Epoch: 650/2000, Training NLL:0.447012559, Val. NLL:0.519763827, Val. MSE: 3.899791360, Time_Elapsed:89.7422 secs
Consecutive iterations are:[674, 675, 676]
Exit and Convergence reached after 3 iterations for relative change in NLL below :0.05
Training convergence attained at Epoch: 676!

Saving the best model at epoch=676, with training loss=0.43898726006348926, validation loss=0.5128357410430908
------------------------------ Training ends --------------------------------- 

------------------------------ Training begins --------------------------------- 

Config: {'n_states': 32, 'n_obs': 32, 'mu_w': array([0., 0., 0., 0., 0., 0., 0., 0., 0., 0., 0., 0., 0., 0., 0., 0., 0.,
       0., 0., 0., 0., 0., 0., 0., 0., 0., 0., 0., 0., 0., 0., 0.]), 'C_w': None, 'H': array([[1., 0., 0., ..., 0., 0., 0.],
       [0., 1., 0., ..., 0., 0., 0.],
       [0., 0., 1., ..., 0., 0., 0.],
       ...,
       [0., 0., 0., ..., 1., 0., 0.],
       [0., 0., 0., ..., 0., 1., 0.],
       [0., 0., 0., ..., 0., 0., 1.]]), 'mu_x0': array([0., 0., 0., 0., 0., 0., 0., 0., 0., 0., 0., 0., 0., 0., 0., 0., 0.,
       0., 0., 0., 0., 0., 0., 0., 0., 0., 0., 0., 0., 0., 0., 0.]), 'C_x0': array([[1., 0., 0., ..., 0., 0., 0.],
       [0., 1., 0., ..., 0., 0., 0.],
       [0., 0., 1., ..., 0., 0., 0.],
       ...,
       [0., 0., 0., ..., 1., 0., 0.],
       [0., 0., 0., ..., 0., 1., 0.],
       [0., 0., 0., ..., 0., 0., 1.]]), 'batch_size': 64, 'rnn_type': 'gru', 'device': device(type='cuda', index=0), 'rnn_params_dict': {'gru': {'model_type': 'gru', 'input_size': 32, 'output_size': 32, 'n_hidden': 20, 'n_layers': 1, 'lr': 0.0001, 'num_epochs': 2000, 'min_delta': 0.05, 'n_hidden_dense': 64, 'device': device(type='cuda', index=0)}, 'rnn': {'model_type': 'gru', 'input_size': 32, 'output_size': 32, 'n_hidden': 40, 'n_layers': 2, 'lr': 0.001, 'num_epochs': 300, 'min_delta': 0.001, 'n_hidden_dense': 32, 'device': device(type='cuda', index=0)}, 'lstm': {'model_type': 'lstm', 'input_size': 32, 'output_size': 32, 'n_hidden': 40, 'n_layers': 2, 'lr': 0.001, 'num_epochs': 300, 'min_delta': 0.001, 'n_hidden_dense': 32, 'device': device(type='cuda', index=0)}}} 

No. of trainable parameters: 8744

Epoch: 1/2000, Training NLL:0.950354874, Val. NLL:1.020250231, Val. MSE: 6.127584696, Time_Elapsed:0.3993 secs
Epoch: 50/2000, Training NLL:0.809862485, Val. NLL:0.880323678, Val. MSE: 4.025897264, Time_Elapsed:6.9741 secs
Epoch: 100/2000, Training NLL:0.715763936, Val. NLL:0.745867461, Val. MSE: 2.884584665, Time_Elapsed:13.8664 secs
Epoch: 150/2000, Training NLL:0.682578295, Val. NLL:0.771993309, Val. MSE: 3.164889932, Time_Elapsed:20.7019 secs
Epoch: 200/2000, Training NLL:0.651876529, Val. NLL:0.710284650, Val. MSE: 3.070492625, Time_Elapsed:27.5934 secs
Epoch: 250/2000, Training NLL:0.621271650, Val. NLL:0.652969271, Val. MSE: 2.937793016, Time_Elapsed:34.3768 secs
Epoch: 300/2000, Training NLL:0.592464179, Val. NLL:0.629604280, Val. MSE: 3.064359188, Time_Elapsed:41.2005 secs
Epoch: 350/2000, Training NLL:0.563025544, Val. NLL:0.597971141, Val. MSE: 3.167930603, Time_Elapsed:48.1387 secs
Epoch: 400/2000, Training NLL:0.538292656, Val. NLL:0.627345860, Val. MSE: 3.572813272, Time_Elapsed:54.9610 secs
Epoch: 450/2000, Training NLL:0.516299854, Val. NLL:0.563745379, Val. MSE: 3.236614227, Time_Elapsed:61.8760 secs
Epoch: 500/2000, Training NLL:0.495802502, Val. NLL:0.568914741, Val. MSE: 3.637286901, Time_Elapsed:68.6760 secs
Epoch: 550/2000, Training NLL:0.478072658, Val. NLL:0.542437226, Val. MSE: 3.524235368, Time_Elapsed:75.6110 secs
Epoch: 600/2000, Training NLL:0.461824685, Val. NLL:0.571108162, Val. MSE: 3.772454977, Time_Elapsed:82.5019 secs
Epoch: 650/2000, Training NLL:0.447012559, Val. NLL:0.519763827, Val. MSE: 3.899791360, Time_Elapsed:89.3718 secs
Consecutive iterations are:[674, 675, 676]
Exit and Convergence reached after 3 iterations for relative change in NLL below :0.05
Training convergence attained at Epoch: 676!

Saving the best model at epoch=676, with training loss=0.43898726006348926, validation loss=0.5128357410430908
------------------------------ Training ends --------------------------------- 

------------------------------ Training begins --------------------------------- 

Config: {'n_states': 32, 'n_obs': 32, 'mu_w': array([0., 0., 0., 0., 0., 0., 0., 0., 0., 0., 0., 0., 0., 0., 0., 0., 0.,
       0., 0., 0., 0., 0., 0., 0., 0., 0., 0., 0., 0., 0., 0., 0.]), 'C_w': None, 'H': array([[1., 0., 0., ..., 0., 0., 0.],
       [0., 1., 0., ..., 0., 0., 0.],
       [0., 0., 1., ..., 0., 0., 0.],
       ...,
       [0., 0., 0., ..., 1., 0., 0.],
       [0., 0., 0., ..., 0., 1., 0.],
       [0., 0., 0., ..., 0., 0., 1.]]), 'mu_x0': array([0., 0., 0., 0., 0., 0., 0., 0., 0., 0., 0., 0., 0., 0., 0., 0., 0.,
       0., 0., 0., 0., 0., 0., 0., 0., 0., 0., 0., 0., 0., 0., 0.]), 'C_x0': array([[1., 0., 0., ..., 0., 0., 0.],
       [0., 1., 0., ..., 0., 0., 0.],
       [0., 0., 1., ..., 0., 0., 0.],
       ...,
       [0., 0., 0., ..., 1., 0., 0.],
       [0., 0., 0., ..., 0., 1., 0.],
       [0., 0., 0., ..., 0., 0., 1.]]), 'batch_size': 64, 'rnn_type': 'gru', 'device': device(type='cuda', index=0), 'rnn_params_dict': {'gru': {'model_type': 'gru', 'input_size': 32, 'output_size': 32, 'n_hidden': 20, 'n_layers': 1, 'lr': 0.0001, 'num_epochs': 2000, 'min_delta': 0.05, 'n_hidden_dense': 64, 'device': device(type='cuda', index=0)}, 'rnn': {'model_type': 'gru', 'input_size': 32, 'output_size': 32, 'n_hidden': 40, 'n_layers': 2, 'lr': 0.001, 'num_epochs': 300, 'min_delta': 0.001, 'n_hidden_dense': 32, 'device': device(type='cuda', index=0)}, 'lstm': {'model_type': 'lstm', 'input_size': 32, 'output_size': 32, 'n_hidden': 40, 'n_layers': 2, 'lr': 0.001, 'num_epochs': 300, 'min_delta': 0.001, 'n_hidden_dense': 32, 'device': device(type='cuda', index=0)}}} 

No. of trainable parameters: 8744

Epoch: 1/2000, Training NLL:0.948997319, Val. NLL:1.016625583, Val. MSE: 5.982195616, Time_Elapsed:0.4292 secs
Epoch: 50/2000, Training NLL:0.806355139, Val. NLL:0.854067922, Val. MSE: 3.956064463, Time_Elapsed:7.2161 secs
Epoch: 100/2000, Training NLL:0.714902063, Val. NLL:0.778650671, Val. MSE: 3.087642908, Time_Elapsed:14.1405 secs
Epoch: 150/2000, Training NLL:0.681641956, Val. NLL:0.721495241, Val. MSE: 2.930064559, Time_Elapsed:20.9626 secs
Epoch: 200/2000, Training NLL:0.652090361, Val. NLL:0.758746862, Val. MSE: 3.161483407, Time_Elapsed:27.8366 secs
Epoch: 250/2000, Training NLL:0.622330974, Val. NLL:0.661808312, Val. MSE: 2.939178348, Time_Elapsed:34.6548 secs
Epoch: 300/2000, Training NLL:0.594738076, Val. NLL:0.672649026, Val. MSE: 3.250018835, Time_Elapsed:41.4834 secs
Epoch: 350/2000, Training NLL:0.569723874, Val. NLL:0.621968150, Val. MSE: 3.257063985, Time_Elapsed:48.4204 secs
Epoch: 400/2000, Training NLL:0.545010070, Val. NLL:0.638012528, Val. MSE: 3.464034677, Time_Elapsed:55.3046 secs
Epoch: 450/2000, Training NLL:0.525469442, Val. NLL:0.608358204, Val. MSE: 3.490007281, Time_Elapsed:62.2197 secs
Epoch: 500/2000, Training NLL:0.503958344, Val. NLL:0.603541344, Val. MSE: 3.659136653, Time_Elapsed:69.1401 secs
Epoch: 550/2000, Training NLL:0.485273088, Val. NLL:0.538998857, Val. MSE: 3.565740466, Time_Elapsed:76.0111 secs
Epoch: 600/2000, Training NLL:0.469524448, Val. NLL:0.580284715, Val. MSE: 3.850320816, Time_Elapsed:82.8247 secs
Epoch: 650/2000, Training NLL:0.454058155, Val. NLL:0.497751266, Val. MSE: 3.672368765, Time_Elapsed:89.6243 secs
Consecutive iterations are:[670, 671, 672]
Exit and Convergence reached after 3 iterations for relative change in NLL below :0.05
Training convergence attained at Epoch: 672!

Saving the best model at epoch=672, with training loss=0.4479830165704091, validation loss=0.5452243089675903
------------------------------ Training ends --------------------------------- 

------------------------------ Training begins --------------------------------- 

Config: {'n_states': 32, 'n_obs': 32, 'mu_w': array([0., 0., 0., 0., 0., 0., 0., 0., 0., 0., 0., 0., 0., 0., 0., 0., 0.,
       0., 0., 0., 0., 0., 0., 0., 0., 0., 0., 0., 0., 0., 0., 0.]), 'C_w': None, 'H': array([[1., 0., 0., ..., 0., 0., 0.],
       [0., 1., 0., ..., 0., 0., 0.],
       [0., 0., 1., ..., 0., 0., 0.],
       ...,
       [0., 0., 0., ..., 1., 0., 0.],
       [0., 0., 0., ..., 0., 1., 0.],
       [0., 0., 0., ..., 0., 0., 1.]]), 'mu_x0': array([0., 0., 0., 0., 0., 0., 0., 0., 0., 0., 0., 0., 0., 0., 0., 0., 0.,
       0., 0., 0., 0., 0., 0., 0., 0., 0., 0., 0., 0., 0., 0., 0.]), 'C_x0': array([[1., 0., 0., ..., 0., 0., 0.],
       [0., 1., 0., ..., 0., 0., 0.],
       [0., 0., 1., ..., 0., 0., 0.],
       ...,
       [0., 0., 0., ..., 1., 0., 0.],
       [0., 0., 0., ..., 0., 1., 0.],
       [0., 0., 0., ..., 0., 0., 1.]]), 'batch_size': 64, 'rnn_type': 'gru', 'device': device(type='cuda', index=0), 'rnn_params_dict': {'gru': {'model_type': 'gru', 'input_size': 32, 'output_size': 32, 'n_hidden': 20, 'n_layers': 1, 'lr': 0.0001, 'num_epochs': 2000, 'min_delta': 0.05, 'n_hidden_dense': 64, 'device': device(type='cuda', index=0)}, 'rnn': {'model_type': 'gru', 'input_size': 32, 'output_size': 32, 'n_hidden': 40, 'n_layers': 2, 'lr': 0.001, 'num_epochs': 300, 'min_delta': 0.001, 'n_hidden_dense': 32, 'device': device(type='cuda', index=0)}, 'lstm': {'model_type': 'lstm', 'input_size': 32, 'output_size': 32, 'n_hidden': 40, 'n_layers': 2, 'lr': 0.001, 'num_epochs': 300, 'min_delta': 0.001, 'n_hidden_dense': 32, 'device': device(type='cuda', index=0)}}} 

No. of trainable parameters: 8744

Epoch: 1/2000, Training NLL:0.950354874, Val. NLL:1.020250231, Val. MSE: 6.127584696, Time_Elapsed:0.4002 secs
Epoch: 50/2000, Training NLL:0.809862485, Val. NLL:0.880323678, Val. MSE: 4.025897264, Time_Elapsed:6.1111 secs
Epoch: 100/2000, Training NLL:0.715763936, Val. NLL:0.745867461, Val. MSE: 2.884584665, Time_Elapsed:11.9468 secs
Epoch: 150/2000, Training NLL:0.682578295, Val. NLL:0.771993309, Val. MSE: 3.164889932, Time_Elapsed:17.7443 secs
Epoch: 200/2000, Training NLL:0.651876529, Val. NLL:0.710284650, Val. MSE: 3.070492625, Time_Elapsed:23.5679 secs
Epoch: 250/2000, Training NLL:0.621271650, Val. NLL:0.652969271, Val. MSE: 2.937793016, Time_Elapsed:29.4435 secs
Epoch: 300/2000, Training NLL:0.592464179, Val. NLL:0.629604280, Val. MSE: 3.064359188, Time_Elapsed:34.8343 secs
Epoch: 350/2000, Training NLL:0.563025544, Val. NLL:0.597971141, Val. MSE: 3.167930603, Time_Elapsed:39.5104 secs
Epoch: 400/2000, Training NLL:0.538292656, Val. NLL:0.627345860, Val. MSE: 3.572813272, Time_Elapsed:44.1373 secs
Epoch: 450/2000, Training NLL:0.516299854, Val. NLL:0.563745379, Val. MSE: 3.236614227, Time_Elapsed:48.8356 secs
Epoch: 500/2000, Training NLL:0.495802502, Val. NLL:0.568914741, Val. MSE: 3.637286901, Time_Elapsed:53.5201 secs
Epoch: 550/2000, Training NLL:0.478072658, Val. NLL:0.542437226, Val. MSE: 3.524235368, Time_Elapsed:58.1895 secs
Epoch: 600/2000, Training NLL:0.461824685, Val. NLL:0.571108162, Val. MSE: 3.772454977, Time_Elapsed:62.8242 secs
Epoch: 650/2000, Training NLL:0.447012559, Val. NLL:0.519763827, Val. MSE: 3.899791360, Time_Elapsed:67.5086 secs
Consecutive iterations are:[674, 675, 676]
Exit and Convergence reached after 3 iterations for relative change in NLL below :0.05
Training convergence attained at Epoch: 676!

Saving the best model at epoch=676, with training loss=0.43898726006348926, validation loss=0.5128357410430908
------------------------------ Training ends --------------------------------- 

------------------------------ Training begins --------------------------------- 

Config: {'n_states': 32, 'n_obs': 32, 'mu_w': array([0., 0., 0., 0., 0., 0., 0., 0., 0., 0., 0., 0., 0., 0., 0., 0., 0.,
       0., 0., 0., 0., 0., 0., 0., 0., 0., 0., 0., 0., 0., 0., 0.]), 'C_w': None, 'H': array([[1., 0., 0., ..., 0., 0., 0.],
       [0., 1., 0., ..., 0., 0., 0.],
       [0., 0., 1., ..., 0., 0., 0.],
       ...,
       [0., 0., 0., ..., 1., 0., 0.],
       [0., 0., 0., ..., 0., 1., 0.],
       [0., 0., 0., ..., 0., 0., 1.]]), 'mu_x0': array([0., 0., 0., 0., 0., 0., 0., 0., 0., 0., 0., 0., 0., 0., 0., 0., 0.,
       0., 0., 0., 0., 0., 0., 0., 0., 0., 0., 0., 0., 0., 0., 0.]), 'C_x0': array([[1., 0., 0., ..., 0., 0., 0.],
       [0., 1., 0., ..., 0., 0., 0.],
       [0., 0., 1., ..., 0., 0., 0.],
       ...,
       [0., 0., 0., ..., 1., 0., 0.],
       [0., 0., 0., ..., 0., 1., 0.],
       [0., 0., 0., ..., 0., 0., 1.]]), 'batch_size': 64, 'rnn_type': 'gru', 'device': device(type='cuda', index=0), 'rnn_params_dict': {'gru': {'model_type': 'gru', 'input_size': 32, 'output_size': 32, 'n_hidden': 20, 'n_layers': 1, 'lr': 0.0001, 'num_epochs': 2000, 'min_delta': 0.05, 'n_hidden_dense': 64, 'device': device(type='cuda', index=0)}, 'rnn': {'model_type': 'gru', 'input_size': 32, 'output_size': 32, 'n_hidden': 40, 'n_layers': 2, 'lr': 0.001, 'num_epochs': 300, 'min_delta': 0.001, 'n_hidden_dense': 32, 'device': device(type='cuda', index=0)}, 'lstm': {'model_type': 'lstm', 'input_size': 32, 'output_size': 32, 'n_hidden': 40, 'n_layers': 2, 'lr': 0.001, 'num_epochs': 300, 'min_delta': 0.001, 'n_hidden_dense': 32, 'device': device(type='cuda', index=0)}}} 

No. of trainable parameters: 8744

Epoch: 1/2000, Training NLL:0.950354874, Val. NLL:1.020250231, Val. MSE: 6.127584696, Time_Elapsed:0.3791 secs
Epoch: 50/2000, Training NLL:0.809862485, Val. NLL:0.880323678, Val. MSE: 4.025897264, Time_Elapsed:6.0793 secs
Epoch: 100/2000, Training NLL:0.715763936, Val. NLL:0.745867461, Val. MSE: 2.884584665, Time_Elapsed:11.8711 secs
Epoch: 150/2000, Training NLL:0.682578295, Val. NLL:0.771993309, Val. MSE: 3.164889932, Time_Elapsed:17.7027 secs
Epoch: 200/2000, Training NLL:0.651876529, Val. NLL:0.710284650, Val. MSE: 3.070492625, Time_Elapsed:23.5374 secs
Epoch: 250/2000, Training NLL:0.621271650, Val. NLL:0.652969271, Val. MSE: 2.937793016, Time_Elapsed:29.3360 secs
Epoch: 300/2000, Training NLL:0.592464179, Val. NLL:0.629604280, Val. MSE: 3.064359188, Time_Elapsed:35.1111 secs
Epoch: 350/2000, Training NLL:0.563025544, Val. NLL:0.597971141, Val. MSE: 3.167930603, Time_Elapsed:40.8886 secs
Epoch: 400/2000, Training NLL:0.538292656, Val. NLL:0.627345860, Val. MSE: 3.572813272, Time_Elapsed:46.6859 secs
Epoch: 450/2000, Training NLL:0.516299854, Val. NLL:0.563745379, Val. MSE: 3.236614227, Time_Elapsed:52.5168 secs
Epoch: 500/2000, Training NLL:0.495802502, Val. NLL:0.568914741, Val. MSE: 3.637286901, Time_Elapsed:58.3711 secs
Epoch: 550/2000, Training NLL:0.478072658, Val. NLL:0.542437226, Val. MSE: 3.524235368, Time_Elapsed:64.1807 secs
Epoch: 600/2000, Training NLL:0.461824685, Val. NLL:0.571108162, Val. MSE: 3.772454977, Time_Elapsed:70.0655 secs
Epoch: 650/2000, Training NLL:0.447012559, Val. NLL:0.519763827, Val. MSE: 3.899791360, Time_Elapsed:75.8484 secs
Consecutive iterations are:[674, 675, 676]
Exit and Convergence reached after 3 iterations for relative change in NLL below :0.05
Training convergence attained at Epoch: 676!

Saving the best model at epoch=676, with training loss=0.43898726006348926, validation loss=0.5128357410430908
------------------------------ Training ends --------------------------------- 

------------------------------ Training begins --------------------------------- 

Config: {'n_states': 32, 'n_obs': 32, 'mu_w': array([0., 0., 0., 0., 0., 0., 0., 0., 0., 0., 0., 0., 0., 0., 0., 0., 0.,
       0., 0., 0., 0., 0., 0., 0., 0., 0., 0., 0., 0., 0., 0., 0.]), 'C_w': None, 'H': array([[1., 0., 0., ..., 0., 0., 0.],
       [0., 1., 0., ..., 0., 0., 0.],
       [0., 0., 1., ..., 0., 0., 0.],
       ...,
       [0., 0., 0., ..., 1., 0., 0.],
       [0., 0., 0., ..., 0., 1., 0.],
       [0., 0., 0., ..., 0., 0., 1.]]), 'mu_x0': array([0., 0., 0., 0., 0., 0., 0., 0., 0., 0., 0., 0., 0., 0., 0., 0., 0.,
       0., 0., 0., 0., 0., 0., 0., 0., 0., 0., 0., 0., 0., 0., 0.]), 'C_x0': array([[1., 0., 0., ..., 0., 0., 0.],
       [0., 1., 0., ..., 0., 0., 0.],
       [0., 0., 1., ..., 0., 0., 0.],
       ...,
       [0., 0., 0., ..., 1., 0., 0.],
       [0., 0., 0., ..., 0., 1., 0.],
       [0., 0., 0., ..., 0., 0., 1.]]), 'batch_size': 64, 'rnn_type': 'gru', 'device': device(type='cuda', index=0), 'rnn_params_dict': {'gru': {'model_type': 'gru', 'input_size': 32, 'output_size': 32, 'n_hidden': 20, 'n_layers': 1, 'lr': 0.0001, 'num_epochs': 2000, 'min_delta': 0.05, 'n_hidden_dense': 64, 'device': device(type='cuda', index=0)}, 'rnn': {'model_type': 'gru', 'input_size': 32, 'output_size': 32, 'n_hidden': 40, 'n_layers': 2, 'lr': 0.001, 'num_epochs': 300, 'min_delta': 0.001, 'n_hidden_dense': 32, 'device': device(type='cuda', index=0)}, 'lstm': {'model_type': 'lstm', 'input_size': 32, 'output_size': 32, 'n_hidden': 40, 'n_layers': 2, 'lr': 0.001, 'num_epochs': 300, 'min_delta': 0.001, 'n_hidden_dense': 32, 'device': device(type='cuda', index=0)}}} 

No. of trainable parameters: 8744

Epoch: 1/2000, Training NLL:0.950354874, Val. NLL:1.020250231, Val. MSE: 6.127584696, Time_Elapsed:0.3762 secs
Epoch: 50/2000, Training NLL:0.809862485, Val. NLL:0.880323678, Val. MSE: 4.025897264, Time_Elapsed:6.2386 secs
Epoch: 100/2000, Training NLL:0.715763936, Val. NLL:0.745867461, Val. MSE: 2.884584665, Time_Elapsed:12.1967 secs
Epoch: 150/2000, Training NLL:0.682578295, Val. NLL:0.771993309, Val. MSE: 3.164889932, Time_Elapsed:18.2342 secs
Epoch: 200/2000, Training NLL:0.651876529, Val. NLL:0.710284650, Val. MSE: 3.070492625, Time_Elapsed:24.2429 secs
Epoch: 250/2000, Training NLL:0.621271650, Val. NLL:0.652969271, Val. MSE: 2.937793016, Time_Elapsed:30.1700 secs
Epoch: 300/2000, Training NLL:0.592464179, Val. NLL:0.629604280, Val. MSE: 3.064359188, Time_Elapsed:36.1449 secs
Epoch: 350/2000, Training NLL:0.563025544, Val. NLL:0.597971141, Val. MSE: 3.167930603, Time_Elapsed:42.1456 secs
Epoch: 400/2000, Training NLL:0.538292656, Val. NLL:0.627345860, Val. MSE: 3.572813272, Time_Elapsed:48.1180 secs
Epoch: 450/2000, Training NLL:0.516299854, Val. NLL:0.563745379, Val. MSE: 3.236614227, Time_Elapsed:54.1197 secs
Epoch: 500/2000, Training NLL:0.495802502, Val. NLL:0.568914741, Val. MSE: 3.637286901, Time_Elapsed:60.0933 secs
Epoch: 550/2000, Training NLL:0.478072658, Val. NLL:0.542437226, Val. MSE: 3.524235368, Time_Elapsed:66.1484 secs
Epoch: 600/2000, Training NLL:0.461824685, Val. NLL:0.571108162, Val. MSE: 3.772454977, Time_Elapsed:72.1488 secs
Epoch: 650/2000, Training NLL:0.447012559, Val. NLL:0.519763827, Val. MSE: 3.899791360, Time_Elapsed:78.1498 secs
Consecutive iterations are:[674, 675, 676]
Exit and Convergence reached after 3 iterations for relative change in NLL below :0.05
Training convergence attained at Epoch: 676!

Saving the best model at epoch=676, with training loss=0.43898726006348926, validation loss=0.5128357410430908
------------------------------ Training ends --------------------------------- 

------------------------------ Training begins --------------------------------- 

Config: {'n_states': 32, 'n_obs': 32, 'mu_w': array([0., 0., 0., 0., 0., 0., 0., 0., 0., 0., 0., 0., 0., 0., 0., 0., 0.,
       0., 0., 0., 0., 0., 0., 0., 0., 0., 0., 0., 0., 0., 0., 0.]), 'C_w': None, 'H': array([[1., 0., 0., ..., 0., 0., 0.],
       [0., 1., 0., ..., 0., 0., 0.],
       [0., 0., 1., ..., 0., 0., 0.],
       ...,
       [0., 0., 0., ..., 1., 0., 0.],
       [0., 0., 0., ..., 0., 1., 0.],
       [0., 0., 0., ..., 0., 0., 1.]]), 'mu_x0': array([0., 0., 0., 0., 0., 0., 0., 0., 0., 0., 0., 0., 0., 0., 0., 0., 0.,
       0., 0., 0., 0., 0., 0., 0., 0., 0., 0., 0., 0., 0., 0., 0.]), 'C_x0': array([[1., 0., 0., ..., 0., 0., 0.],
       [0., 1., 0., ..., 0., 0., 0.],
       [0., 0., 1., ..., 0., 0., 0.],
       ...,
       [0., 0., 0., ..., 1., 0., 0.],
       [0., 0., 0., ..., 0., 1., 0.],
       [0., 0., 0., ..., 0., 0., 1.]]), 'batch_size': 64, 'rnn_type': 'gru', 'device': device(type='cuda', index=0), 'rnn_params_dict': {'gru': {'model_type': 'gru', 'input_size': 32, 'output_size': 32, 'n_hidden': 20, 'n_layers': 1, 'lr': 0.0001, 'num_epochs': 2000, 'min_delta': 0.05, 'n_hidden_dense': 64, 'device': device(type='cuda', index=0)}, 'rnn': {'model_type': 'gru', 'input_size': 32, 'output_size': 32, 'n_hidden': 40, 'n_layers': 2, 'lr': 0.001, 'num_epochs': 300, 'min_delta': 0.001, 'n_hidden_dense': 32, 'device': device(type='cuda', index=0)}, 'lstm': {'model_type': 'lstm', 'input_size': 32, 'output_size': 32, 'n_hidden': 40, 'n_layers': 2, 'lr': 0.001, 'num_epochs': 300, 'min_delta': 0.001, 'n_hidden_dense': 32, 'device': device(type='cuda', index=0)}}} 

No. of trainable parameters: 8744

Epoch: 1/2000, Training NLL:0.950354874, Val. NLL:1.020250231, Val. MSE: 6.127584696, Time_Elapsed:0.3532 secs
Epoch: 50/2000, Training NLL:0.809862485, Val. NLL:0.880323678, Val. MSE: 4.025897264, Time_Elapsed:4.9873 secs
Epoch: 100/2000, Training NLL:0.715763936, Val. NLL:0.745867461, Val. MSE: 2.884584665, Time_Elapsed:9.6493 secs
Epoch: 150/2000, Training NLL:0.682578295, Val. NLL:0.771993309, Val. MSE: 3.164889932, Time_Elapsed:14.3983 secs
Epoch: 200/2000, Training NLL:0.651876529, Val. NLL:0.710284650, Val. MSE: 3.070492625, Time_Elapsed:19.0786 secs
Epoch: 250/2000, Training NLL:0.621271650, Val. NLL:0.652969271, Val. MSE: 2.937793016, Time_Elapsed:23.8345 secs
Epoch: 300/2000, Training NLL:0.592464179, Val. NLL:0.629604280, Val. MSE: 3.064359188, Time_Elapsed:28.6473 secs
Epoch: 350/2000, Training NLL:0.563025544, Val. NLL:0.597971141, Val. MSE: 3.167930603, Time_Elapsed:33.2467 secs
Epoch: 400/2000, Training NLL:0.538292656, Val. NLL:0.627345860, Val. MSE: 3.572813272, Time_Elapsed:37.9674 secs
Epoch: 450/2000, Training NLL:0.516299854, Val. NLL:0.563745379, Val. MSE: 3.236614227, Time_Elapsed:42.7478 secs
Epoch: 500/2000, Training NLL:0.495802502, Val. NLL:0.568914741, Val. MSE: 3.637286901, Time_Elapsed:47.4430 secs
Epoch: 550/2000, Training NLL:0.478072658, Val. NLL:0.542437226, Val. MSE: 3.524235368, Time_Elapsed:52.1523 secs
Epoch: 600/2000, Training NLL:0.461824685, Val. NLL:0.571108162, Val. MSE: 3.772454977, Time_Elapsed:56.8524 secs
Epoch: 650/2000, Training NLL:0.447012559, Val. NLL:0.519763827, Val. MSE: 3.899791360, Time_Elapsed:61.5711 secs
Consecutive iterations are:[674, 675, 676]
Exit and Convergence reached after 3 iterations for relative change in NLL below :0.05
Training convergence attained at Epoch: 676!

Saving the best model at epoch=676, with training loss=0.43898726006348926, validation loss=0.5128357410430908
------------------------------ Training ends --------------------------------- 

------------------------------ Training begins --------------------------------- 

Config: {'n_states': 32, 'n_obs': 32, 'mu_w': array([0., 0., 0., 0., 0., 0., 0., 0., 0., 0., 0., 0., 0., 0., 0., 0., 0.,
       0., 0., 0., 0., 0., 0., 0., 0., 0., 0., 0., 0., 0., 0., 0.]), 'C_w': None, 'H': array([[1., 0., 0., ..., 0., 0., 0.],
       [0., 1., 0., ..., 0., 0., 0.],
       [0., 0., 1., ..., 0., 0., 0.],
       ...,
       [0., 0., 0., ..., 1., 0., 0.],
       [0., 0., 0., ..., 0., 1., 0.],
       [0., 0., 0., ..., 0., 0., 1.]]), 'mu_x0': array([0., 0., 0., 0., 0., 0., 0., 0., 0., 0., 0., 0., 0., 0., 0., 0., 0.,
       0., 0., 0., 0., 0., 0., 0., 0., 0., 0., 0., 0., 0., 0., 0.]), 'C_x0': array([[1., 0., 0., ..., 0., 0., 0.],
       [0., 1., 0., ..., 0., 0., 0.],
       [0., 0., 1., ..., 0., 0., 0.],
       ...,
       [0., 0., 0., ..., 1., 0., 0.],
       [0., 0., 0., ..., 0., 1., 0.],
       [0., 0., 0., ..., 0., 0., 1.]]), 'batch_size': 64, 'rnn_type': 'gru', 'device': device(type='cuda', index=0), 'rnn_params_dict': {'gru': {'model_type': 'gru', 'input_size': 32, 'output_size': 32, 'n_hidden': 20, 'n_layers': 1, 'lr': 0.0001, 'num_epochs': 2000, 'min_delta': 0.05, 'n_hidden_dense': 64, 'device': device(type='cuda', index=0)}, 'rnn': {'model_type': 'gru', 'input_size': 32, 'output_size': 32, 'n_hidden': 40, 'n_layers': 2, 'lr': 0.001, 'num_epochs': 300, 'min_delta': 0.001, 'n_hidden_dense': 32, 'device': device(type='cuda', index=0)}, 'lstm': {'model_type': 'lstm', 'input_size': 32, 'output_size': 32, 'n_hidden': 40, 'n_layers': 2, 'lr': 0.001, 'num_epochs': 300, 'min_delta': 0.001, 'n_hidden_dense': 32, 'device': device(type='cuda', index=0)}}} 

No. of trainable parameters: 8744

Epoch: 1/2000, Training NLL:0.950354874, Val. NLL:1.020250231, Val. MSE: 6.127584696, Time_Elapsed:0.3759 secs
Epoch: 50/2000, Training NLL:0.809862485, Val. NLL:0.880323678, Val. MSE: 4.025897264, Time_Elapsed:5.9294 secs
Epoch: 100/2000, Training NLL:0.715763936, Val. NLL:0.745867461, Val. MSE: 2.884584665, Time_Elapsed:11.4634 secs
Epoch: 150/2000, Training NLL:0.682578295, Val. NLL:0.771993309, Val. MSE: 3.164889932, Time_Elapsed:17.0535 secs
Epoch: 200/2000, Training NLL:0.651876529, Val. NLL:0.710284650, Val. MSE: 3.070492625, Time_Elapsed:22.6641 secs
Epoch: 250/2000, Training NLL:0.621271650, Val. NLL:0.652969271, Val. MSE: 2.937793016, Time_Elapsed:28.2152 secs
Epoch: 300/2000, Training NLL:0.592464179, Val. NLL:0.629604280, Val. MSE: 3.064359188, Time_Elapsed:33.8287 secs
Epoch: 350/2000, Training NLL:0.563025544, Val. NLL:0.597971141, Val. MSE: 3.167930603, Time_Elapsed:39.5391 secs
Epoch: 400/2000, Training NLL:0.538292656, Val. NLL:0.627345860, Val. MSE: 3.572813272, Time_Elapsed:45.2735 secs
Epoch: 450/2000, Training NLL:0.516299854, Val. NLL:0.563745379, Val. MSE: 3.236614227, Time_Elapsed:50.8492 secs
Epoch: 500/2000, Training NLL:0.495802502, Val. NLL:0.568914741, Val. MSE: 3.637286901, Time_Elapsed:56.4755 secs
Epoch: 550/2000, Training NLL:0.478072658, Val. NLL:0.542437226, Val. MSE: 3.524235368, Time_Elapsed:62.0041 secs
Epoch: 600/2000, Training NLL:0.461824685, Val. NLL:0.571108162, Val. MSE: 3.772454977, Time_Elapsed:67.6471 secs
Epoch: 650/2000, Training NLL:0.447012559, Val. NLL:0.519763827, Val. MSE: 3.899791360, Time_Elapsed:73.2732 secs
Consecutive iterations are:[674, 675, 676]
Exit and Convergence reached after 3 iterations for relative change in NLL below :0.05
Training convergence attained at Epoch: 676!

Saving the best model at epoch=676, with training loss=0.43898726006348926, validation loss=0.5128357410430908
------------------------------ Training ends --------------------------------- 

------------------------------ Training begins --------------------------------- 

Config: {'n_states': 32, 'n_obs': 32, 'mu_w': array([0., 0., 0., 0., 0., 0., 0., 0., 0., 0., 0., 0., 0., 0., 0., 0., 0.,
       0., 0., 0., 0., 0., 0., 0., 0., 0., 0., 0., 0., 0., 0., 0.]), 'C_w': None, 'H': array([[1., 0., 0., ..., 0., 0., 0.],
       [0., 1., 0., ..., 0., 0., 0.],
       [0., 0., 1., ..., 0., 0., 0.],
       ...,
       [0., 0., 0., ..., 1., 0., 0.],
       [0., 0., 0., ..., 0., 1., 0.],
       [0., 0., 0., ..., 0., 0., 1.]]), 'mu_x0': array([0., 0., 0., 0., 0., 0., 0., 0., 0., 0., 0., 0., 0., 0., 0., 0., 0.,
       0., 0., 0., 0., 0., 0., 0., 0., 0., 0., 0., 0., 0., 0., 0.]), 'C_x0': array([[1., 0., 0., ..., 0., 0., 0.],
       [0., 1., 0., ..., 0., 0., 0.],
       [0., 0., 1., ..., 0., 0., 0.],
       ...,
       [0., 0., 0., ..., 1., 0., 0.],
       [0., 0., 0., ..., 0., 1., 0.],
       [0., 0., 0., ..., 0., 0., 1.]]), 'batch_size': 64, 'rnn_type': 'gru', 'device': device(type='cuda', index=0), 'rnn_params_dict': {'gru': {'model_type': 'gru', 'input_size': 32, 'output_size': 32, 'n_hidden': 20, 'n_layers': 1, 'lr': 0.0001, 'num_epochs': 2000, 'min_delta': 0.05, 'n_hidden_dense': 64, 'device': device(type='cuda', index=0)}, 'rnn': {'model_type': 'gru', 'input_size': 32, 'output_size': 32, 'n_hidden': 40, 'n_layers': 2, 'lr': 0.001, 'num_epochs': 300, 'min_delta': 0.001, 'n_hidden_dense': 32, 'device': device(type='cuda', index=0)}, 'lstm': {'model_type': 'lstm', 'input_size': 32, 'output_size': 32, 'n_hidden': 40, 'n_layers': 2, 'lr': 0.001, 'num_epochs': 300, 'min_delta': 0.001, 'n_hidden_dense': 32, 'device': device(type='cuda', index=0)}}} 

No. of trainable parameters: 8744

Epoch: 1/2000, Training NLL:0.950354874, Val. NLL:1.020250231, Val. MSE: 6.127584696, Time_Elapsed:0.4018 secs
Epoch: 50/2000, Training NLL:0.809862485, Val. NLL:0.880323678, Val. MSE: 4.025897264, Time_Elapsed:7.4842 secs
Epoch: 100/2000, Training NLL:0.715763936, Val. NLL:0.745867461, Val. MSE: 2.884584665, Time_Elapsed:14.5717 secs
Epoch: 150/2000, Training NLL:0.682578295, Val. NLL:0.771993309, Val. MSE: 3.164889932, Time_Elapsed:21.8137 secs
Epoch: 200/2000, Training NLL:0.651876529, Val. NLL:0.710284650, Val. MSE: 3.070492625, Time_Elapsed:29.0106 secs
Epoch: 250/2000, Training NLL:0.621271650, Val. NLL:0.652969271, Val. MSE: 2.937793016, Time_Elapsed:36.1668 secs
Epoch: 300/2000, Training NLL:0.592464179, Val. NLL:0.629604280, Val. MSE: 3.064359188, Time_Elapsed:43.2242 secs
Epoch: 350/2000, Training NLL:0.563025544, Val. NLL:0.597971141, Val. MSE: 3.167930603, Time_Elapsed:50.3832 secs
Epoch: 400/2000, Training NLL:0.538292656, Val. NLL:0.627345860, Val. MSE: 3.572813272, Time_Elapsed:57.5281 secs
Epoch: 450/2000, Training NLL:0.516299854, Val. NLL:0.563745379, Val. MSE: 3.236614227, Time_Elapsed:64.7641 secs
Epoch: 500/2000, Training NLL:0.495802502, Val. NLL:0.568914741, Val. MSE: 3.637286901, Time_Elapsed:71.9580 secs
Epoch: 550/2000, Training NLL:0.478072658, Val. NLL:0.542437226, Val. MSE: 3.524235368, Time_Elapsed:79.2024 secs
Epoch: 600/2000, Training NLL:0.461824685, Val. NLL:0.571108162, Val. MSE: 3.772454977, Time_Elapsed:86.0759 secs
Epoch: 650/2000, Training NLL:0.447012559, Val. NLL:0.519763827, Val. MSE: 3.899791360, Time_Elapsed:93.1270 secs
Consecutive iterations are:[674, 675, 676]
Exit and Convergence reached after 3 iterations for relative change in NLL below :0.05
Training convergence attained at Epoch: 676!

Saving the best model at epoch=676, with training loss=0.43898726006348926, validation loss=0.5128357410430908
------------------------------ Training ends --------------------------------- 

------------------------------ Training begins --------------------------------- 

Config: {'n_states': 32, 'n_obs': 32, 'mu_w': array([0., 0., 0., 0., 0., 0., 0., 0., 0., 0., 0., 0., 0., 0., 0., 0., 0.,
       0., 0., 0., 0., 0., 0., 0., 0., 0., 0., 0., 0., 0., 0., 0.]), 'C_w': None, 'H': array([[1., 0., 0., ..., 0., 0., 0.],
       [0., 1., 0., ..., 0., 0., 0.],
       [0., 0., 1., ..., 0., 0., 0.],
       ...,
       [0., 0., 0., ..., 1., 0., 0.],
       [0., 0., 0., ..., 0., 1., 0.],
       [0., 0., 0., ..., 0., 0., 1.]]), 'mu_x0': array([0., 0., 0., 0., 0., 0., 0., 0., 0., 0., 0., 0., 0., 0., 0., 0., 0.,
       0., 0., 0., 0., 0., 0., 0., 0., 0., 0., 0., 0., 0., 0., 0.]), 'C_x0': array([[1., 0., 0., ..., 0., 0., 0.],
       [0., 1., 0., ..., 0., 0., 0.],
       [0., 0., 1., ..., 0., 0., 0.],
       ...,
       [0., 0., 0., ..., 1., 0., 0.],
       [0., 0., 0., ..., 0., 1., 0.],
       [0., 0., 0., ..., 0., 0., 1.]]), 'batch_size': 64, 'rnn_type': 'gru', 'device': device(type='cuda', index=0), 'rnn_params_dict': {'gru': {'model_type': 'gru', 'input_size': 32, 'output_size': 32, 'n_hidden': 20, 'n_layers': 1, 'lr': 0.0001, 'num_epochs': 2000, 'min_delta': 0.05, 'n_hidden_dense': 64, 'device': device(type='cuda', index=0)}, 'rnn': {'model_type': 'gru', 'input_size': 32, 'output_size': 32, 'n_hidden': 40, 'n_layers': 2, 'lr': 0.001, 'num_epochs': 300, 'min_delta': 0.001, 'n_hidden_dense': 32, 'device': device(type='cuda', index=0)}, 'lstm': {'model_type': 'lstm', 'input_size': 32, 'output_size': 32, 'n_hidden': 40, 'n_layers': 2, 'lr': 0.001, 'num_epochs': 300, 'min_delta': 0.001, 'n_hidden_dense': 32, 'device': device(type='cuda', index=0)}}} 

No. of trainable parameters: 8744

Epoch: 1/2000, Training NLL:0.950354874, Val. NLL:1.020250231, Val. MSE: 6.127584696, Time_Elapsed:0.4211 secs
Epoch: 50/2000, Training NLL:0.809862485, Val. NLL:0.880323678, Val. MSE: 4.025897264, Time_Elapsed:7.4138 secs
Epoch: 100/2000, Training NLL:0.715763936, Val. NLL:0.745867461, Val. MSE: 2.884584665, Time_Elapsed:14.7046 secs
Epoch: 150/2000, Training NLL:0.682578295, Val. NLL:0.771993309, Val. MSE: 3.164889932, Time_Elapsed:21.8585 secs
Epoch: 200/2000, Training NLL:0.651876529, Val. NLL:0.710284650, Val. MSE: 3.070492625, Time_Elapsed:28.9144 secs
Epoch: 250/2000, Training NLL:0.621271650, Val. NLL:0.652969271, Val. MSE: 2.937793016, Time_Elapsed:36.0181 secs
Epoch: 300/2000, Training NLL:0.592464179, Val. NLL:0.629604280, Val. MSE: 3.064359188, Time_Elapsed:43.2771 secs
Epoch: 350/2000, Training NLL:0.563025544, Val. NLL:0.597971141, Val. MSE: 3.167930603, Time_Elapsed:50.5556 secs
Epoch: 400/2000, Training NLL:0.538292656, Val. NLL:0.627345860, Val. MSE: 3.572813272, Time_Elapsed:57.6060 secs
Epoch: 450/2000, Training NLL:0.516299854, Val. NLL:0.563745379, Val. MSE: 3.236614227, Time_Elapsed:64.5434 secs
Epoch: 500/2000, Training NLL:0.495802502, Val. NLL:0.568914741, Val. MSE: 3.637286901, Time_Elapsed:71.7642 secs
Epoch: 550/2000, Training NLL:0.478072658, Val. NLL:0.542437226, Val. MSE: 3.524235368, Time_Elapsed:79.1024 secs
Epoch: 600/2000, Training NLL:0.461824685, Val. NLL:0.571108162, Val. MSE: 3.772454977, Time_Elapsed:86.0588 secs
Epoch: 650/2000, Training NLL:0.447012559, Val. NLL:0.519763827, Val. MSE: 3.899791360, Time_Elapsed:93.3862 secs
Consecutive iterations are:[674, 675, 676]
Exit and Convergence reached after 3 iterations for relative change in NLL below :0.05
Training convergence attained at Epoch: 676!

Saving the best model at epoch=676, with training loss=0.43898726006348926, validation loss=0.5128357410430908
------------------------------ Training ends --------------------------------- 

------------------------------ Training begins --------------------------------- 

Config: {'n_states': 32, 'n_obs': 32, 'mu_w': array([0., 0., 0., 0., 0., 0., 0., 0., 0., 0., 0., 0., 0., 0., 0., 0., 0.,
       0., 0., 0., 0., 0., 0., 0., 0., 0., 0., 0., 0., 0., 0., 0.]), 'C_w': None, 'H': array([[1., 0., 0., ..., 0., 0., 0.],
       [0., 1., 0., ..., 0., 0., 0.],
       [0., 0., 1., ..., 0., 0., 0.],
       ...,
       [0., 0., 0., ..., 1., 0., 0.],
       [0., 0., 0., ..., 0., 1., 0.],
       [0., 0., 0., ..., 0., 0., 1.]]), 'mu_x0': array([0., 0., 0., 0., 0., 0., 0., 0., 0., 0., 0., 0., 0., 0., 0., 0., 0.,
       0., 0., 0., 0., 0., 0., 0., 0., 0., 0., 0., 0., 0., 0., 0.]), 'C_x0': array([[1., 0., 0., ..., 0., 0., 0.],
       [0., 1., 0., ..., 0., 0., 0.],
       [0., 0., 1., ..., 0., 0., 0.],
       ...,
       [0., 0., 0., ..., 1., 0., 0.],
       [0., 0., 0., ..., 0., 1., 0.],
       [0., 0., 0., ..., 0., 0., 1.]]), 'batch_size': 64, 'rnn_type': 'gru', 'device': device(type='cuda', index=0), 'rnn_params_dict': {'gru': {'model_type': 'gru', 'input_size': 32, 'output_size': 32, 'n_hidden': 20, 'n_layers': 1, 'lr': 0.0001, 'num_epochs': 2000, 'min_delta': 0.05, 'n_hidden_dense': 64, 'device': device(type='cuda', index=0)}, 'rnn': {'model_type': 'gru', 'input_size': 32, 'output_size': 32, 'n_hidden': 40, 'n_layers': 2, 'lr': 0.001, 'num_epochs': 300, 'min_delta': 0.001, 'n_hidden_dense': 32, 'device': device(type='cuda', index=0)}, 'lstm': {'model_type': 'lstm', 'input_size': 32, 'output_size': 32, 'n_hidden': 40, 'n_layers': 2, 'lr': 0.001, 'num_epochs': 300, 'min_delta': 0.001, 'n_hidden_dense': 32, 'device': device(type='cuda', index=0)}}} 

No. of trainable parameters: 8744

Epoch: 1/2000, Training NLL:1.010758698, Val. NLL:1.059416533, Val. MSE: 6.726261377, Time_Elapsed:0.3786 secs
Epoch: 50/2000, Training NLL:0.842629343, Val. NLL:0.860414833, Val. MSE: 4.222933054, Time_Elapsed:5.3475 secs
Epoch: 100/2000, Training NLL:0.756231050, Val. NLL:0.782080442, Val. MSE: 3.077847362, Time_Elapsed:10.3088 secs
Epoch: 150/2000, Training NLL:0.724583407, Val. NLL:0.742664397, Val. MSE: 2.910022259, Time_Elapsed:15.3544 secs
Epoch: 200/2000, Training NLL:0.692912877, Val. NLL:0.743337601, Val. MSE: 3.188769102, Time_Elapsed:20.4272 secs
Epoch: 250/2000, Training NLL:0.661598772, Val. NLL:0.667963624, Val. MSE: 3.060354590, Time_Elapsed:25.4517 secs
Epoch: 300/2000, Training NLL:0.633520375, Val. NLL:0.674968451, Val. MSE: 3.325943947, Time_Elapsed:30.4116 secs
Epoch: 350/2000, Training NLL:0.610374719, Val. NLL:0.653578877, Val. MSE: 3.378158927, Time_Elapsed:35.4648 secs
Epoch: 400/2000, Training NLL:0.587976476, Val. NLL:0.630972445, Val. MSE: 3.526014090, Time_Elapsed:40.4932 secs
Epoch: 450/2000, Training NLL:0.568329275, Val. NLL:0.613401741, Val. MSE: 3.638631463, Time_Elapsed:45.4831 secs
Epoch: 500/2000, Training NLL:0.547978590, Val. NLL:0.633390576, Val. MSE: 3.852625012, Time_Elapsed:50.4831 secs
Epoch: 550/2000, Training NLL:0.530699551, Val. NLL:0.570569456, Val. MSE: 3.683852434, Time_Elapsed:55.5157 secs
Epoch: 600/2000, Training NLL:0.513816416, Val. NLL:0.574226499, Val. MSE: 3.974030852, Time_Elapsed:60.5162 secs
Epoch: 650/2000, Training NLL:0.497382551, Val. NLL:0.512851685, Val. MSE: 3.849878073, Time_Elapsed:65.5433 secs
Consecutive iterations are:[673, 674, 675]
Exit and Convergence reached after 3 iterations for relative change in NLL below :0.05
Training convergence attained at Epoch: 675!

Saving the best model at epoch=675, with training loss=0.49028082688649494, validation loss=0.5340226888656616
------------------------------ Training ends --------------------------------- 

------------------------------ Training begins --------------------------------- 

Config: {'n_states': 32, 'n_obs': 32, 'mu_w': array([0., 0., 0., 0., 0., 0., 0., 0., 0., 0., 0., 0., 0., 0., 0., 0., 0.,
       0., 0., 0., 0., 0., 0., 0., 0., 0., 0., 0., 0., 0., 0., 0.]), 'C_w': None, 'H': array([[1., 0., 0., ..., 0., 0., 0.],
       [0., 1., 0., ..., 0., 0., 0.],
       [0., 0., 1., ..., 0., 0., 0.],
       ...,
       [0., 0., 0., ..., 1., 0., 0.],
       [0., 0., 0., ..., 0., 1., 0.],
       [0., 0., 0., ..., 0., 0., 1.]]), 'mu_x0': array([0., 0., 0., 0., 0., 0., 0., 0., 0., 0., 0., 0., 0., 0., 0., 0., 0.,
       0., 0., 0., 0., 0., 0., 0., 0., 0., 0., 0., 0., 0., 0., 0.]), 'C_x0': array([[1., 0., 0., ..., 0., 0., 0.],
       [0., 1., 0., ..., 0., 0., 0.],
       [0., 0., 1., ..., 0., 0., 0.],
       ...,
       [0., 0., 0., ..., 1., 0., 0.],
       [0., 0., 0., ..., 0., 1., 0.],
       [0., 0., 0., ..., 0., 0., 1.]]), 'batch_size': 64, 'rnn_type': 'gru', 'device': device(type='cuda', index=0), 'rnn_params_dict': {'gru': {'model_type': 'gru', 'input_size': 32, 'output_size': 32, 'n_hidden': 20, 'n_layers': 1, 'lr': 0.0001, 'num_epochs': 2000, 'min_delta': 0.05, 'n_hidden_dense': 64, 'device': device(type='cuda', index=0)}, 'rnn': {'model_type': 'gru', 'input_size': 32, 'output_size': 32, 'n_hidden': 40, 'n_layers': 2, 'lr': 0.001, 'num_epochs': 300, 'min_delta': 0.001, 'n_hidden_dense': 32, 'device': device(type='cuda', index=0)}, 'lstm': {'model_type': 'lstm', 'input_size': 32, 'output_size': 32, 'n_hidden': 40, 'n_layers': 2, 'lr': 0.001, 'num_epochs': 300, 'min_delta': 0.001, 'n_hidden_dense': 32, 'device': device(type='cuda', index=0)}}} 

No. of trainable parameters: 8744

Epoch: 1/2000, Training NLL:1.012394627, Val. NLL:1.107594013, Val. MSE: 6.929658413, Time_Elapsed:0.3714 secs
Epoch: 50/2000, Training NLL:0.850691885, Val. NLL:0.853332818, Val. MSE: 4.347126961, Time_Elapsed:5.4334 secs
Epoch: 100/2000, Training NLL:0.755817860, Val. NLL:0.755350798, Val. MSE: 2.954698443, Time_Elapsed:10.5762 secs
Epoch: 150/2000, Training NLL:0.723118484, Val. NLL:0.778281897, Val. MSE: 3.173651218, Time_Elapsed:15.5926 secs
Epoch: 200/2000, Training NLL:0.693783740, Val. NLL:0.720687181, Val. MSE: 3.037128687, Time_Elapsed:20.6915 secs
Epoch: 250/2000, Training NLL:0.663547943, Val. NLL:0.672571808, Val. MSE: 3.075145364, Time_Elapsed:25.8001 secs
Epoch: 300/2000, Training NLL:0.635430346, Val. NLL:0.651547104, Val. MSE: 3.110420823, Time_Elapsed:30.9103 secs
Epoch: 350/2000, Training NLL:0.609527926, Val. NLL:0.633380979, Val. MSE: 3.221444964, Time_Elapsed:36.0343 secs
Epoch: 400/2000, Training NLL:0.585758249, Val. NLL:0.647138417, Val. MSE: 3.608624816, Time_Elapsed:41.1132 secs
Epoch: 450/2000, Training NLL:0.564163039, Val. NLL:0.566442594, Val. MSE: 3.304744482, Time_Elapsed:46.0977 secs
Epoch: 500/2000, Training NLL:0.544439266, Val. NLL:0.598419726, Val. MSE: 3.741340280, Time_Elapsed:51.1585 secs
Epoch: 550/2000, Training NLL:0.525397191, Val. NLL:0.555651218, Val. MSE: 3.656640172, Time_Elapsed:56.2343 secs
Epoch: 600/2000, Training NLL:0.508803601, Val. NLL:0.611075938, Val. MSE: 4.056314111, Time_Elapsed:61.2296 secs
Epoch: 650/2000, Training NLL:0.494440461, Val. NLL:0.545495808, Val. MSE: 4.009950638, Time_Elapsed:66.2370 secs
Consecutive iterations are:[674, 675, 676]
Exit and Convergence reached after 3 iterations for relative change in NLL below :0.05
Training convergence attained at Epoch: 676!

Saving the best model at epoch=676, with training loss=0.4872528463602066, validation loss=0.5389830768108368
------------------------------ Training ends --------------------------------- 

------------------------------ Training begins --------------------------------- 

Config: {'n_states': 32, 'n_obs': 32, 'mu_w': array([0., 0., 0., 0., 0., 0., 0., 0., 0., 0., 0., 0., 0., 0., 0., 0., 0.,
       0., 0., 0., 0., 0., 0., 0., 0., 0., 0., 0., 0., 0., 0., 0.]), 'C_w': None, 'H': array([[1., 0., 0., ..., 0., 0., 0.],
       [0., 1., 0., ..., 0., 0., 0.],
       [0., 0., 1., ..., 0., 0., 0.],
       ...,
       [0., 0., 0., ..., 1., 0., 0.],
       [0., 0., 0., ..., 0., 1., 0.],
       [0., 0., 0., ..., 0., 0., 1.]]), 'mu_x0': array([0., 0., 0., 0., 0., 0., 0., 0., 0., 0., 0., 0., 0., 0., 0., 0., 0.,
       0., 0., 0., 0., 0., 0., 0., 0., 0., 0., 0., 0., 0., 0., 0.]), 'C_x0': array([[1., 0., 0., ..., 0., 0., 0.],
       [0., 1., 0., ..., 0., 0., 0.],
       [0., 0., 1., ..., 0., 0., 0.],
       ...,
       [0., 0., 0., ..., 1., 0., 0.],
       [0., 0., 0., ..., 0., 1., 0.],
       [0., 0., 0., ..., 0., 0., 1.]]), 'batch_size': 64, 'rnn_type': 'gru', 'device': device(type='cuda', index=0), 'rnn_params_dict': {'gru': {'model_type': 'gru', 'input_size': 32, 'output_size': 32, 'n_hidden': 40, 'n_layers': 1, 'lr': 0.0001, 'num_epochs': 2000, 'min_delta': 0.05, 'n_hidden_dense': 64, 'device': device(type='cuda', index=0)}, 'rnn': {'model_type': 'gru', 'input_size': 32, 'output_size': 32, 'n_hidden': 40, 'n_layers': 2, 'lr': 0.001, 'num_epochs': 300, 'min_delta': 0.001, 'n_hidden_dense': 32, 'device': device(type='cuda', index=0)}, 'lstm': {'model_type': 'lstm', 'input_size': 32, 'output_size': 32, 'n_hidden': 40, 'n_layers': 2, 'lr': 0.001, 'num_epochs': 300, 'min_delta': 0.001, 'n_hidden_dense': 32, 'device': device(type='cuda', index=0)}}} 

No. of trainable parameters: 15664

Epoch: 1/2000, Training NLL:1.004200399, Val. NLL:1.004491210, Val. MSE: 6.282822371, Time_Elapsed:0.7340 secs
Epoch: 50/2000, Training NLL:0.780133555, Val. NLL:0.803933591, Val. MSE: 3.291296005, Time_Elapsed:13.4227 secs
Epoch: 100/2000, Training NLL:0.728824526, Val. NLL:0.783493131, Val. MSE: 3.014063597, Time_Elapsed:26.4321 secs
Epoch: 150/2000, Training NLL:0.676621993, Val. NLL:0.715585262, Val. MSE: 3.069773555, Time_Elapsed:39.3718 secs
Epoch: 200/2000, Training NLL:0.625813067, Val. NLL:0.691047758, Val. MSE: 3.131940603, Time_Elapsed:52.3427 secs
Epoch: 250/2000, Training NLL:0.576076845, Val. NLL:0.607064605, Val. MSE: 3.232356429, Time_Elapsed:65.4172 secs
Epoch: 300/2000, Training NLL:0.530905282, Val. NLL:0.593880922, Val. MSE: 3.434837461, Time_Elapsed:78.3893 secs
Epoch: 350/2000, Training NLL:0.490107665, Val. NLL:0.545110703, Val. MSE: 3.559641719, Time_Elapsed:91.3983 secs
Epoch: 400/2000, Training NLL:0.456758956, Val. NLL:0.529973000, Val. MSE: 3.665121436, Time_Elapsed:104.4121 secs
Epoch: 450/2000, Training NLL:0.425729871, Val. NLL:0.489205211, Val. MSE: 3.861495376, Time_Elapsed:117.3210 secs
Epoch: 500/2000, Training NLL:0.397429615, Val. NLL:0.455729276, Val. MSE: 4.025491118, Time_Elapsed:130.2247 secs
Epoch: 550/2000, Training NLL:0.374791885, Val. NLL:0.437669873, Val. MSE: 4.357503891, Time_Elapsed:142.9169 secs
Epoch: 600/2000, Training NLL:0.351953030, Val. NLL:0.408488274, Val. MSE: 4.234351158, Time_Elapsed:156.0002 secs
Epoch: 650/2000, Training NLL:0.335155343, Val. NLL:0.405791163, Val. MSE: 4.369331121, Time_Elapsed:169.0685 secs
Consecutive iterations are:[678, 679, 680]
Exit and Convergence reached after 3 iterations for relative change in NLL below :0.05
Training convergence attained at Epoch: 680!

Saving the best model at epoch=680, with training loss=0.3242579996585846, validation loss=0.3773167133331299
------------------------------ Training ends --------------------------------- 

------------------------------ Training begins --------------------------------- 

Config: {'n_states': 32, 'n_obs': 32, 'mu_w': array([0., 0., 0., 0., 0., 0., 0., 0., 0., 0., 0., 0., 0., 0., 0., 0., 0.,
       0., 0., 0., 0., 0., 0., 0., 0., 0., 0., 0., 0., 0., 0., 0.]), 'C_w': None, 'H': array([[1., 0., 0., ..., 0., 0., 0.],
       [0., 1., 0., ..., 0., 0., 0.],
       [0., 0., 1., ..., 0., 0., 0.],
       ...,
       [0., 0., 0., ..., 1., 0., 0.],
       [0., 0., 0., ..., 0., 1., 0.],
       [0., 0., 0., ..., 0., 0., 1.]]), 'mu_x0': array([0., 0., 0., 0., 0., 0., 0., 0., 0., 0., 0., 0., 0., 0., 0., 0., 0.,
       0., 0., 0., 0., 0., 0., 0., 0., 0., 0., 0., 0., 0., 0., 0.]), 'C_x0': array([[1., 0., 0., ..., 0., 0., 0.],
       [0., 1., 0., ..., 0., 0., 0.],
       [0., 0., 1., ..., 0., 0., 0.],
       ...,
       [0., 0., 0., ..., 1., 0., 0.],
       [0., 0., 0., ..., 0., 1., 0.],
       [0., 0., 0., ..., 0., 0., 1.]]), 'batch_size': 64, 'rnn_type': 'gru', 'device': device(type='cuda', index=0), 'rnn_params_dict': {'gru': {'model_type': 'gru', 'input_size': 32, 'output_size': 32, 'n_hidden': 40, 'n_layers': 1, 'lr': 0.0001, 'num_epochs': 2000, 'min_delta': 0.05, 'n_hidden_dense': 64, 'device': device(type='cuda', index=0)}, 'rnn': {'model_type': 'gru', 'input_size': 32, 'output_size': 32, 'n_hidden': 40, 'n_layers': 2, 'lr': 0.001, 'num_epochs': 300, 'min_delta': 0.001, 'n_hidden_dense': 32, 'device': device(type='cuda', index=0)}, 'lstm': {'model_type': 'lstm', 'input_size': 32, 'output_size': 32, 'n_hidden': 40, 'n_layers': 2, 'lr': 0.001, 'num_epochs': 300, 'min_delta': 0.001, 'n_hidden_dense': 32, 'device': device(type='cuda', index=0)}}} 

No. of trainable parameters: 15664

Epoch: 1/2000, Training NLL:1.021564434, Val. NLL:1.010649353, Val. MSE: 6.459639549, Time_Elapsed:0.8083 secs
Epoch: 50/2000, Training NLL:0.789040238, Val. NLL:0.825124651, Val. MSE: 3.352840185, Time_Elapsed:14.2626 secs
Epoch: 100/2000, Training NLL:0.741610726, Val. NLL:0.787059277, Val. MSE: 3.158375859, Time_Elapsed:28.0109 secs
Epoch: 150/2000, Training NLL:0.690999508, Val. NLL:0.741160840, Val. MSE: 3.083869696, Time_Elapsed:41.6820 secs
Epoch: 200/2000, Training NLL:0.640473793, Val. NLL:0.701836109, Val. MSE: 3.295390725, Time_Elapsed:55.5733 secs
Epoch: 250/2000, Training NLL:0.589709600, Val. NLL:0.635619342, Val. MSE: 3.351924181, Time_Elapsed:69.0526 secs
Epoch: 300/2000, Training NLL:0.541040768, Val. NLL:0.604147762, Val. MSE: 3.606569171, Time_Elapsed:82.8373 secs
Epoch: 350/2000, Training NLL:0.499063730, Val. NLL:0.564604789, Val. MSE: 3.776516676, Time_Elapsed:96.4639 secs
Epoch: 400/2000, Training NLL:0.465276212, Val. NLL:0.541952461, Val. MSE: 3.952857018, Time_Elapsed:110.0209 secs
Epoch: 450/2000, Training NLL:0.434284543, Val. NLL:0.515773416, Val. MSE: 4.157997370, Time_Elapsed:123.8970 secs
Epoch: 500/2000, Training NLL:0.408426290, Val. NLL:0.491389424, Val. MSE: 4.066512942, Time_Elapsed:137.4494 secs
Epoch: 550/2000, Training NLL:0.386617760, Val. NLL:0.459356576, Val. MSE: 4.244171143, Time_Elapsed:151.1827 secs
Epoch: 600/2000, Training NLL:0.364382222, Val. NLL:0.435253203, Val. MSE: 4.438996792, Time_Elapsed:165.0773 secs
Epoch: 650/2000, Training NLL:0.346150567, Val. NLL:0.411185920, Val. MSE: 4.828361034, Time_Elapsed:178.7864 secs
Consecutive iterations are:[674, 675, 676]
Exit and Convergence reached after 3 iterations for relative change in NLL below :0.05
Training convergence attained at Epoch: 676!

Saving the best model at epoch=676, with training loss=0.3392833471298218, validation loss=0.40095923840999603
------------------------------ Training ends --------------------------------- 

------------------------------ Training begins --------------------------------- 

Config: {'n_states': 32, 'n_obs': 32, 'mu_w': array([0., 0., 0., 0., 0., 0., 0., 0., 0., 0., 0., 0., 0., 0., 0., 0., 0.,
       0., 0., 0., 0., 0., 0., 0., 0., 0., 0., 0., 0., 0., 0., 0.]), 'C_w': None, 'H': array([[1., 0., 0., ..., 0., 0., 0.],
       [0., 1., 0., ..., 0., 0., 0.],
       [0., 0., 1., ..., 0., 0., 0.],
       ...,
       [0., 0., 0., ..., 1., 0., 0.],
       [0., 0., 0., ..., 0., 1., 0.],
       [0., 0., 0., ..., 0., 0., 1.]]), 'mu_x0': array([0., 0., 0., 0., 0., 0., 0., 0., 0., 0., 0., 0., 0., 0., 0., 0., 0.,
       0., 0., 0., 0., 0., 0., 0., 0., 0., 0., 0., 0., 0., 0., 0.]), 'C_x0': array([[1., 0., 0., ..., 0., 0., 0.],
       [0., 1., 0., ..., 0., 0., 0.],
       [0., 0., 1., ..., 0., 0., 0.],
       ...,
       [0., 0., 0., ..., 1., 0., 0.],
       [0., 0., 0., ..., 0., 1., 0.],
       [0., 0., 0., ..., 0., 0., 1.]]), 'batch_size': 64, 'rnn_type': 'gru', 'device': device(type='cuda', index=0), 'rnn_params_dict': {'gru': {'model_type': 'gru', 'input_size': 32, 'output_size': 32, 'n_hidden': 40, 'n_layers': 1, 'lr': 0.001, 'num_epochs': 2000, 'min_delta': 0.05, 'n_hidden_dense': 64, 'device': device(type='cuda', index=0)}, 'rnn': {'model_type': 'gru', 'input_size': 32, 'output_size': 32, 'n_hidden': 40, 'n_layers': 2, 'lr': 0.001, 'num_epochs': 300, 'min_delta': 0.001, 'n_hidden_dense': 32, 'device': device(type='cuda', index=0)}, 'lstm': {'model_type': 'lstm', 'input_size': 32, 'output_size': 32, 'n_hidden': 40, 'n_layers': 2, 'lr': 0.001, 'num_epochs': 300, 'min_delta': 0.001, 'n_hidden_dense': 32, 'device': device(type='cuda', index=0)}}} 

No. of trainable parameters: 15664

Epoch: 1/2000, Training NLL:1.011847516, Val. NLL:1.049802065, Val. MSE: 6.768209934, Time_Elapsed:0.2853 secs
Epoch: 50/2000, Training NLL:0.421843231, Val. NLL:0.512693509, Val. MSE: 4.219896317, Time_Elapsed:4.1058 secs
Epoch: 100/2000, Training NLL:0.254630593, Val. NLL:0.290567711, Val. MSE: 5.192233086, Time_Elapsed:7.9419 secs
Epoch: 150/2000, Training NLL:0.213983677, Val. NLL:0.271379948, Val. MSE: 6.123200893, Time_Elapsed:11.7763 secs
Interrupted!! ...saving the model at epoch:158
------------------------------ Training ends --------------------------------- 

------------------------------ Training begins --------------------------------- 

Config: {'n_states': 32, 'n_obs': 32, 'mu_w': array([0., 0., 0., 0., 0., 0., 0., 0., 0., 0., 0., 0., 0., 0., 0., 0., 0.,
       0., 0., 0., 0., 0., 0., 0., 0., 0., 0., 0., 0., 0., 0., 0.]), 'C_w': None, 'H': array([[1., 0., 0., ..., 0., 0., 0.],
       [0., 1., 0., ..., 0., 0., 0.],
       [0., 0., 1., ..., 0., 0., 0.],
       ...,
       [0., 0., 0., ..., 1., 0., 0.],
       [0., 0., 0., ..., 0., 1., 0.],
       [0., 0., 0., ..., 0., 0., 1.]]), 'mu_x0': array([0., 0., 0., 0., 0., 0., 0., 0., 0., 0., 0., 0., 0., 0., 0., 0., 0.,
       0., 0., 0., 0., 0., 0., 0., 0., 0., 0., 0., 0., 0., 0., 0.]), 'C_x0': array([[1., 0., 0., ..., 0., 0., 0.],
       [0., 1., 0., ..., 0., 0., 0.],
       [0., 0., 1., ..., 0., 0., 0.],
       ...,
       [0., 0., 0., ..., 1., 0., 0.],
       [0., 0., 0., ..., 0., 1., 0.],
       [0., 0., 0., ..., 0., 0., 1.]]), 'batch_size': 64, 'rnn_type': 'gru', 'device': device(type='cuda', index=0), 'rnn_params_dict': {'gru': {'model_type': 'gru', 'input_size': 32, 'output_size': 32, 'n_hidden': 40, 'n_layers': 1, 'lr': 1e-05, 'num_epochs': 2000, 'min_delta': 0.05, 'n_hidden_dense': 64, 'device': device(type='cuda', index=0)}, 'rnn': {'model_type': 'gru', 'input_size': 32, 'output_size': 32, 'n_hidden': 40, 'n_layers': 2, 'lr': 0.001, 'num_epochs': 300, 'min_delta': 0.001, 'n_hidden_dense': 32, 'device': device(type='cuda', index=0)}, 'lstm': {'model_type': 'lstm', 'input_size': 32, 'output_size': 32, 'n_hidden': 40, 'n_layers': 2, 'lr': 0.001, 'num_epochs': 300, 'min_delta': 0.001, 'n_hidden_dense': 32, 'device': device(type='cuda', index=0)}}} 

No. of trainable parameters: 15664

Epoch: 1/2000, Training NLL:1.022136947, Val. NLL:1.072419107, Val. MSE: 7.092300415, Time_Elapsed:0.2810 secs
Epoch: 50/2000, Training NLL:1.009943187, Val. NLL:1.061006665, Val. MSE: 6.889600754, Time_Elapsed:4.1152 secs
Epoch: 100/2000, Training NLL:0.997404933, Val. NLL:0.984711140, Val. MSE: 6.024220467, Time_Elapsed:8.0149 secs
Epoch: 150/2000, Training NLL:0.977888505, Val. NLL:1.017805815, Val. MSE: 6.032518625, Time_Elapsed:11.9149 secs
Epoch: 200/2000, Training NLL:0.953910301, Val. NLL:0.986549556, Val. MSE: 5.765135765, Time_Elapsed:15.8169 secs
Epoch: 250/2000, Training NLL:0.922404428, Val. NLL:0.970896035, Val. MSE: 5.674522638, Time_Elapsed:19.7135 secs
Epoch: 300/2000, Training NLL:0.889004121, Val. NLL:0.925565809, Val. MSE: 4.692872524, Time_Elapsed:23.6110 secs
Epoch: 350/2000, Training NLL:0.858238965, Val. NLL:0.915184140, Val. MSE: 4.637757778, Time_Elapsed:27.5191 secs
Epoch: 400/2000, Training NLL:0.834568312, Val. NLL:0.884738237, Val. MSE: 4.102358103, Time_Elapsed:31.4229 secs
Epoch: 450/2000, Training NLL:0.816482852, Val. NLL:0.864087254, Val. MSE: 3.834713697, Time_Elapsed:35.3255 secs
Epoch: 500/2000, Training NLL:0.803671400, Val. NLL:0.800530255, Val. MSE: 3.392325282, Time_Elapsed:39.2244 secs
Epoch: 550/2000, Training NLL:0.794350882, Val. NLL:0.846473098, Val. MSE: 3.559347630, Time_Elapsed:43.1204 secs
Epoch: 600/2000, Training NLL:0.786313792, Val. NLL:0.832015365, Val. MSE: 3.404838920, Time_Elapsed:47.0226 secs
Epoch: 650/2000, Training NLL:0.782165895, Val. NLL:0.825642705, Val. MSE: 3.310658455, Time_Elapsed:50.9190 secs
Consecutive iterations are:[673, 674, 675]
Exit and Convergence reached after 3 iterations for relative change in NLL below :0.05
Training convergence attained at Epoch: 675!

Saving the best model at epoch=675, with training loss=0.7800117135047913, validation loss=0.8274558484554291
------------------------------ Training ends --------------------------------- 

------------------------------ Training begins --------------------------------- 

Config: {'n_states': 32, 'n_obs': 32, 'mu_w': array([0., 0., 0., 0., 0., 0., 0., 0., 0., 0., 0., 0., 0., 0., 0., 0., 0.,
       0., 0., 0., 0., 0., 0., 0., 0., 0., 0., 0., 0., 0., 0., 0.]), 'C_w': None, 'H': array([[1., 0., 0., ..., 0., 0., 0.],
       [0., 1., 0., ..., 0., 0., 0.],
       [0., 0., 1., ..., 0., 0., 0.],
       ...,
       [0., 0., 0., ..., 1., 0., 0.],
       [0., 0., 0., ..., 0., 1., 0.],
       [0., 0., 0., ..., 0., 0., 1.]]), 'mu_x0': array([0., 0., 0., 0., 0., 0., 0., 0., 0., 0., 0., 0., 0., 0., 0., 0., 0.,
       0., 0., 0., 0., 0., 0., 0., 0., 0., 0., 0., 0., 0., 0., 0.]), 'C_x0': array([[1., 0., 0., ..., 0., 0., 0.],
       [0., 1., 0., ..., 0., 0., 0.],
       [0., 0., 1., ..., 0., 0., 0.],
       ...,
       [0., 0., 0., ..., 1., 0., 0.],
       [0., 0., 0., ..., 0., 1., 0.],
       [0., 0., 0., ..., 0., 0., 1.]]), 'batch_size': 64, 'rnn_type': 'gru', 'device': device(type='cuda', index=0), 'rnn_params_dict': {'gru': {'model_type': 'gru', 'input_size': 32, 'output_size': 32, 'n_hidden': 32, 'n_layers': 1, 'lr': 1e-05, 'num_epochs': 2000, 'min_delta': 0.05, 'n_hidden_dense': 64, 'device': device(type='cuda', index=0)}, 'rnn': {'model_type': 'gru', 'input_size': 32, 'output_size': 32, 'n_hidden': 40, 'n_layers': 2, 'lr': 0.001, 'num_epochs': 300, 'min_delta': 0.001, 'n_hidden_dense': 32, 'device': device(type='cuda', index=0)}, 'lstm': {'model_type': 'lstm', 'input_size': 32, 'output_size': 32, 'n_hidden': 40, 'n_layers': 2, 'lr': 0.001, 'num_epochs': 300, 'min_delta': 0.001, 'n_hidden_dense': 32, 'device': device(type='cuda', index=0)}}} 

No. of trainable parameters: 12608

Epoch: 1/2000, Training NLL:1.021862696, Val. NLL:1.073807478, Val. MSE: 6.485625029, Time_Elapsed:0.2931 secs
Epoch: 50/2000, Training NLL:1.008710941, Val. NLL:1.077231884, Val. MSE: 6.429006338, Time_Elapsed:4.2924 secs
Epoch: 100/2000, Training NLL:0.995458792, Val. NLL:1.033827901, Val. MSE: 6.272670507, Time_Elapsed:8.2088 secs
Epoch: 150/2000, Training NLL:0.978485713, Val. NLL:1.044329017, Val. MSE: 6.514096737, Time_Elapsed:12.1266 secs
Epoch: 200/2000, Training NLL:0.960027854, Val. NLL:0.960136503, Val. MSE: 5.788557768, Time_Elapsed:16.0415 secs
Epoch: 250/2000, Training NLL:0.933372368, Val. NLL:0.977449447, Val. MSE: 5.486029863, Time_Elapsed:19.9586 secs
Epoch: 300/2000, Training NLL:0.903469751, Val. NLL:0.943719387, Val. MSE: 5.188465118, Time_Elapsed:23.8724 secs
Epoch: 350/2000, Training NLL:0.874300738, Val. NLL:0.934376121, Val. MSE: 4.744968653, Time_Elapsed:27.8356 secs
Epoch: 400/2000, Training NLL:0.848035653, Val. NLL:0.876091301, Val. MSE: 4.291816473, Time_Elapsed:31.9075 secs
Epoch: 450/2000, Training NLL:0.827392638, Val. NLL:0.856990725, Val. MSE: 3.867144465, Time_Elapsed:35.8222 secs
Epoch: 500/2000, Training NLL:0.810368806, Val. NLL:0.870339453, Val. MSE: 3.732940674, Time_Elapsed:39.7979 secs
Epoch: 550/2000, Training NLL:0.798453242, Val. NLL:0.887054265, Val. MSE: 3.673558474, Time_Elapsed:43.7130 secs
Epoch: 600/2000, Training NLL:0.790333639, Val. NLL:0.869981587, Val. MSE: 3.626906395, Time_Elapsed:47.6260 secs
Epoch: 650/2000, Training NLL:0.783982525, Val. NLL:0.791007698, Val. MSE: 3.182640314, Time_Elapsed:51.5346 secs
Consecutive iterations are:[672, 673, 674]
Exit and Convergence reached after 3 iterations for relative change in NLL below :0.05
Training convergence attained at Epoch: 674!

Saving the best model at epoch=674, with training loss=0.7817400793234507, validation loss=0.8364785015583038
------------------------------ Training ends --------------------------------- 

------------------------------ Training begins --------------------------------- 

Config: {'n_states': 32, 'n_obs': 32, 'mu_w': array([0., 0., 0., 0., 0., 0., 0., 0., 0., 0., 0., 0., 0., 0., 0., 0., 0.,
       0., 0., 0., 0., 0., 0., 0., 0., 0., 0., 0., 0., 0., 0., 0.]), 'C_w': None, 'H': array([[1., 0., 0., ..., 0., 0., 0.],
       [0., 1., 0., ..., 0., 0., 0.],
       [0., 0., 1., ..., 0., 0., 0.],
       ...,
       [0., 0., 0., ..., 1., 0., 0.],
       [0., 0., 0., ..., 0., 1., 0.],
       [0., 0., 0., ..., 0., 0., 1.]]), 'mu_x0': array([0., 0., 0., 0., 0., 0., 0., 0., 0., 0., 0., 0., 0., 0., 0., 0., 0.,
       0., 0., 0., 0., 0., 0., 0., 0., 0., 0., 0., 0., 0., 0., 0.]), 'C_x0': array([[1., 0., 0., ..., 0., 0., 0.],
       [0., 1., 0., ..., 0., 0., 0.],
       [0., 0., 1., ..., 0., 0., 0.],
       ...,
       [0., 0., 0., ..., 1., 0., 0.],
       [0., 0., 0., ..., 0., 1., 0.],
       [0., 0., 0., ..., 0., 0., 1.]]), 'batch_size': 64, 'rnn_type': 'gru', 'device': device(type='cuda', index=0), 'rnn_params_dict': {'gru': {'model_type': 'gru', 'input_size': 32, 'output_size': 32, 'n_hidden': 64, 'n_layers': 1, 'lr': 1e-05, 'num_epochs': 2000, 'min_delta': 0.05, 'n_hidden_dense': 64, 'device': device(type='cuda', index=0)}, 'rnn': {'model_type': 'gru', 'input_size': 32, 'output_size': 32, 'n_hidden': 40, 'n_layers': 2, 'lr': 0.001, 'num_epochs': 300, 'min_delta': 0.001, 'n_hidden_dense': 32, 'device': device(type='cuda', index=0)}, 'lstm': {'model_type': 'lstm', 'input_size': 32, 'output_size': 32, 'n_hidden': 40, 'n_layers': 2, 'lr': 0.001, 'num_epochs': 300, 'min_delta': 0.001, 'n_hidden_dense': 32, 'device': device(type='cuda', index=0)}}} 

No. of trainable parameters: 27136

Epoch: 1/2000, Training NLL:1.026186307, Val. NLL:1.031939924, Val. MSE: 6.787445545, Time_Elapsed:0.2854 secs
Epoch: 50/2000, Training NLL:1.011327773, Val. NLL:1.057335377, Val. MSE: 6.594115734, Time_Elapsed:4.4457 secs
Epoch: 100/2000, Training NLL:0.991203527, Val. NLL:0.984644890, Val. MSE: 5.917451620, Time_Elapsed:8.4490 secs
Epoch: 150/2000, Training NLL:0.961808105, Val. NLL:0.983940542, Val. MSE: 5.933589935, Time_Elapsed:12.3640 secs
Epoch: 200/2000, Training NLL:0.923470885, Val. NLL:0.976384997, Val. MSE: 5.619640350, Time_Elapsed:16.2814 secs
Epoch: 250/2000, Training NLL:0.878121366, Val. NLL:0.898533970, Val. MSE: 4.610217333, Time_Elapsed:20.1955 secs
Epoch: 300/2000, Training NLL:0.841399729, Val. NLL:0.833724350, Val. MSE: 4.091813326, Time_Elapsed:24.1146 secs
Epoch: 350/2000, Training NLL:0.815503726, Val. NLL:0.877709985, Val. MSE: 3.902733922, Time_Elapsed:28.0321 secs
Epoch: 400/2000, Training NLL:0.800883532, Val. NLL:0.837873399, Val. MSE: 3.541967392, Time_Elapsed:31.9528 secs
Epoch: 450/2000, Training NLL:0.790291687, Val. NLL:0.804883838, Val. MSE: 3.431727290, Time_Elapsed:35.8711 secs
Epoch: 500/2000, Training NLL:0.782231639, Val. NLL:0.833385319, Val. MSE: 3.371460080, Time_Elapsed:39.7900 secs
Epoch: 550/2000, Training NLL:0.774419228, Val. NLL:0.843147516, Val. MSE: 3.473793030, Time_Elapsed:43.7087 secs
Epoch: 600/2000, Training NLL:0.769399444, Val. NLL:0.790224999, Val. MSE: 3.091144919, Time_Elapsed:47.6282 secs
Epoch: 650/2000, Training NLL:0.762277226, Val. NLL:0.772507250, Val. MSE: 3.007894635, Time_Elapsed:51.5480 secs
Consecutive iterations are:[672, 673, 674]
Exit and Convergence reached after 3 iterations for relative change in NLL below :0.05
Training convergence attained at Epoch: 674!

Saving the best model at epoch=674, with training loss=0.7604211568832397, validation loss=0.7693991363048553
------------------------------ Training ends --------------------------------- 

------------------------------ Training begins --------------------------------- 

Config: {'n_states': 32, 'n_obs': 32, 'mu_w': array([0., 0., 0., 0., 0., 0., 0., 0., 0., 0., 0., 0., 0., 0., 0., 0., 0.,
       0., 0., 0., 0., 0., 0., 0., 0., 0., 0., 0., 0., 0., 0., 0.]), 'C_w': None, 'H': array([[1., 0., 0., ..., 0., 0., 0.],
       [0., 1., 0., ..., 0., 0., 0.],
       [0., 0., 1., ..., 0., 0., 0.],
       ...,
       [0., 0., 0., ..., 1., 0., 0.],
       [0., 0., 0., ..., 0., 1., 0.],
       [0., 0., 0., ..., 0., 0., 1.]]), 'mu_x0': array([0., 0., 0., 0., 0., 0., 0., 0., 0., 0., 0., 0., 0., 0., 0., 0., 0.,
       0., 0., 0., 0., 0., 0., 0., 0., 0., 0., 0., 0., 0., 0., 0.]), 'C_x0': array([[1., 0., 0., ..., 0., 0., 0.],
       [0., 1., 0., ..., 0., 0., 0.],
       [0., 0., 1., ..., 0., 0., 0.],
       ...,
       [0., 0., 0., ..., 1., 0., 0.],
       [0., 0., 0., ..., 0., 1., 0.],
       [0., 0., 0., ..., 0., 0., 1.]]), 'batch_size': 64, 'rnn_type': 'gru', 'device': device(type='cuda', index=0), 'rnn_params_dict': {'gru': {'model_type': 'gru', 'input_size': 32, 'output_size': 32, 'n_hidden': 40, 'n_layers': 2, 'lr': 1e-05, 'num_epochs': 2000, 'min_delta': 0.05, 'n_hidden_dense': 64, 'device': device(type='cuda', index=0)}, 'rnn': {'model_type': 'gru', 'input_size': 32, 'output_size': 32, 'n_hidden': 40, 'n_layers': 2, 'lr': 0.001, 'num_epochs': 300, 'min_delta': 0.001, 'n_hidden_dense': 32, 'device': device(type='cuda', index=0)}, 'lstm': {'model_type': 'lstm', 'input_size': 32, 'output_size': 32, 'n_hidden': 40, 'n_layers': 2, 'lr': 0.001, 'num_epochs': 300, 'min_delta': 0.001, 'n_hidden_dense': 32, 'device': device(type='cuda', index=0)}}} 

No. of trainable parameters: 25504

Epoch: 1/2000, Training NLL:1.024443805, Val. NLL:1.024873585, Val. MSE: 6.693180323, Time_Elapsed:0.2895 secs
Epoch: 50/2000, Training NLL:1.014458219, Val. NLL:1.053351700, Val. MSE: 6.319049835, Time_Elapsed:4.4552 secs
Epoch: 100/2000, Training NLL:0.998163531, Val. NLL:1.028710425, Val. MSE: 6.296416998, Time_Elapsed:8.6588 secs
Epoch: 150/2000, Training NLL:0.974792997, Val. NLL:1.028350890, Val. MSE: 6.276654959, Time_Elapsed:12.8618 secs
Epoch: 200/2000, Training NLL:0.940317492, Val. NLL:0.966686636, Val. MSE: 5.656544924, Time_Elapsed:17.0675 secs
Epoch: 250/2000, Training NLL:0.896862179, Val. NLL:0.932409197, Val. MSE: 4.936374426, Time_Elapsed:21.6536 secs
Epoch: 300/2000, Training NLL:0.861969799, Val. NLL:0.903778911, Val. MSE: 4.317462206, Time_Elapsed:26.4494 secs
Epoch: 350/2000, Training NLL:0.839211196, Val. NLL:0.866664737, Val. MSE: 3.937257171, Time_Elapsed:31.2958 secs
Epoch: 400/2000, Training NLL:0.824567596, Val. NLL:0.804678828, Val. MSE: 3.326854944, Time_Elapsed:36.1708 secs
Epoch: 450/2000, Training NLL:0.814938704, Val. NLL:0.880778849, Val. MSE: 3.650677443, Time_Elapsed:40.9743 secs
Epoch: 500/2000, Training NLL:0.806737691, Val. NLL:0.848439813, Val. MSE: 3.420099139, Time_Elapsed:46.0789 secs
Epoch: 550/2000, Training NLL:0.800717354, Val. NLL:0.807316691, Val. MSE: 3.255672336, Time_Elapsed:51.1059 secs
Epoch: 600/2000, Training NLL:0.796344688, Val. NLL:0.841906309, Val. MSE: 3.329670787, Time_Elapsed:55.9438 secs
Epoch: 650/2000, Training NLL:0.793764005, Val. NLL:0.842089474, Val. MSE: 3.290983319, Time_Elapsed:60.1463 secs
Consecutive iterations are:[669, 670, 671]
Exit and Convergence reached after 3 iterations for relative change in NLL below :0.05
Training convergence attained at Epoch: 671!

Saving the best model at epoch=671, with training loss=0.7922179202238718, validation loss=0.853105217218399
------------------------------ Training ends --------------------------------- 

------------------------------ Training begins --------------------------------- 

Config: {'n_states': 32, 'n_obs': 32, 'mu_w': array([0., 0., 0., 0., 0., 0., 0., 0., 0., 0., 0., 0., 0., 0., 0., 0., 0.,
       0., 0., 0., 0., 0., 0., 0., 0., 0., 0., 0., 0., 0., 0., 0.]), 'C_w': None, 'H': array([[1., 0., 0., ..., 0., 0., 0.],
       [0., 1., 0., ..., 0., 0., 0.],
       [0., 0., 1., ..., 0., 0., 0.],
       ...,
       [0., 0., 0., ..., 1., 0., 0.],
       [0., 0., 0., ..., 0., 1., 0.],
       [0., 0., 0., ..., 0., 0., 1.]]), 'mu_x0': array([0., 0., 0., 0., 0., 0., 0., 0., 0., 0., 0., 0., 0., 0., 0., 0., 0.,
       0., 0., 0., 0., 0., 0., 0., 0., 0., 0., 0., 0., 0., 0., 0.]), 'C_x0': array([[1., 0., 0., ..., 0., 0., 0.],
       [0., 1., 0., ..., 0., 0., 0.],
       [0., 0., 1., ..., 0., 0., 0.],
       ...,
       [0., 0., 0., ..., 1., 0., 0.],
       [0., 0., 0., ..., 0., 1., 0.],
       [0., 0., 0., ..., 0., 0., 1.]]), 'batch_size': 64, 'rnn_type': 'gru', 'device': device(type='cuda', index=0), 'rnn_params_dict': {'gru': {'model_type': 'gru', 'input_size': 32, 'output_size': 32, 'n_hidden': 20, 'n_layers': 1, 'lr': 1e-05, 'num_epochs': 2000, 'min_delta': 0.05, 'n_hidden_dense': 32, 'device': device(type='cuda', index=0)}, 'rnn': {'model_type': 'gru', 'input_size': 32, 'output_size': 32, 'n_hidden': 40, 'n_layers': 2, 'lr': 0.001, 'num_epochs': 300, 'min_delta': 0.001, 'n_hidden_dense': 32, 'device': device(type='cuda', index=0)}, 'lstm': {'model_type': 'lstm', 'input_size': 32, 'output_size': 32, 'n_hidden': 40, 'n_layers': 2, 'lr': 0.001, 'num_epochs': 300, 'min_delta': 0.001, 'n_hidden_dense': 32, 'device': device(type='cuda', index=0)}}} 

No. of trainable parameters: 6024

Epoch: 1/2000, Training NLL:1.034570952, Val. NLL:1.027730435, Val. MSE: 6.682221174, Time_Elapsed:0.2745 secs
Epoch: 50/2000, Training NLL:1.029586693, Val. NLL:1.055907249, Val. MSE: 6.697273016, Time_Elapsed:4.0906 secs
Epoch: 100/2000, Training NLL:1.021714926, Val. NLL:1.046441436, Val. MSE: 6.403548002, Time_Elapsed:8.1773 secs
Epoch: 150/2000, Training NLL:1.015593429, Val. NLL:1.038484812, Val. MSE: 6.552252769, Time_Elapsed:12.6850 secs
Epoch: 200/2000, Training NLL:1.008187463, Val. NLL:1.032565236, Val. MSE: 6.294163465, Time_Elapsed:17.1853 secs
Epoch: 250/2000, Training NLL:0.998124818, Val. NLL:1.077793419, Val. MSE: 6.585401535, Time_Elapsed:21.5369 secs
Epoch: 300/2000, Training NLL:0.988781929, Val. NLL:0.996099174, Val. MSE: 6.259107351, Time_Elapsed:25.8940 secs
Epoch: 350/2000, Training NLL:0.977008273, Val. NLL:1.003137231, Val. MSE: 6.118393421, Time_Elapsed:29.7349 secs
Epoch: 400/2000, Training NLL:0.966805498, Val. NLL:1.037423879, Val. MSE: 6.151534796, Time_Elapsed:33.5450 secs
Epoch: 450/2000, Training NLL:0.953139991, Val. NLL:1.001510441, Val. MSE: 5.736442804, Time_Elapsed:37.9511 secs
Epoch: 500/2000, Training NLL:0.939074069, Val. NLL:0.987120211, Val. MSE: 5.667141199, Time_Elapsed:42.5373 secs
Epoch: 550/2000, Training NLL:0.928330561, Val. NLL:0.944759637, Val. MSE: 4.990988731, Time_Elapsed:46.4030 secs
Epoch: 600/2000, Training NLL:0.912749469, Val. NLL:0.927086741, Val. MSE: 5.145126104, Time_Elapsed:50.2257 secs
Epoch: 650/2000, Training NLL:0.898555011, Val. NLL:0.972686917, Val. MSE: 5.400333405, Time_Elapsed:54.0387 secs
Consecutive iterations are:[675, 676, 677]
Exit and Convergence reached after 3 iterations for relative change in NLL below :0.05
Training convergence attained at Epoch: 677!

Saving the best model at epoch=677, with training loss=0.8926544785499573, validation loss=0.924932211637497
------------------------------ Training ends --------------------------------- 

------------------------------ Training begins --------------------------------- 

Config: {'n_states': 32, 'n_obs': 32, 'mu_w': array([0., 0., 0., 0., 0., 0., 0., 0., 0., 0., 0., 0., 0., 0., 0., 0., 0.,
       0., 0., 0., 0., 0., 0., 0., 0., 0., 0., 0., 0., 0., 0., 0.]), 'C_w': None, 'H': array([[1., 0., 0., ..., 0., 0., 0.],
       [0., 1., 0., ..., 0., 0., 0.],
       [0., 0., 1., ..., 0., 0., 0.],
       ...,
       [0., 0., 0., ..., 1., 0., 0.],
       [0., 0., 0., ..., 0., 1., 0.],
       [0., 0., 0., ..., 0., 0., 1.]]), 'mu_x0': array([0., 0., 0., 0., 0., 0., 0., 0., 0., 0., 0., 0., 0., 0., 0., 0., 0.,
       0., 0., 0., 0., 0., 0., 0., 0., 0., 0., 0., 0., 0., 0., 0.]), 'C_x0': array([[1., 0., 0., ..., 0., 0., 0.],
       [0., 1., 0., ..., 0., 0., 0.],
       [0., 0., 1., ..., 0., 0., 0.],
       ...,
       [0., 0., 0., ..., 1., 0., 0.],
       [0., 0., 0., ..., 0., 1., 0.],
       [0., 0., 0., ..., 0., 0., 1.]]), 'batch_size': 64, 'rnn_type': 'gru', 'device': device(type='cuda', index=0), 'rnn_params_dict': {'gru': {'model_type': 'gru', 'input_size': 32, 'output_size': 32, 'n_hidden': 128, 'n_layers': 1, 'lr': 1e-05, 'num_epochs': 2000, 'min_delta': 0.05, 'n_hidden_dense': 64, 'device': device(type='cuda', index=0)}, 'rnn': {'model_type': 'gru', 'input_size': 32, 'output_size': 32, 'n_hidden': 40, 'n_layers': 2, 'lr': 0.001, 'num_epochs': 300, 'min_delta': 0.001, 'n_hidden_dense': 32, 'device': device(type='cuda', index=0)}, 'lstm': {'model_type': 'lstm', 'input_size': 32, 'output_size': 32, 'n_hidden': 40, 'n_layers': 2, 'lr': 0.001, 'num_epochs': 300, 'min_delta': 0.001, 'n_hidden_dense': 32, 'device': device(type='cuda', index=0)}}} 

No. of trainable parameters: 74624

Epoch: 1/2000, Training NLL:1.029845794, Val. NLL:1.050314188, Val. MSE: 6.864829063, Time_Elapsed:0.2799 secs
Epoch: 50/2000, Training NLL:1.007138809, Val. NLL:1.045532823, Val. MSE: 6.801625252, Time_Elapsed:4.0363 secs
Epoch: 100/2000, Training NLL:0.973870188, Val. NLL:0.991525143, Val. MSE: 5.865986824, Time_Elapsed:7.8681 secs
Epoch: 150/2000, Training NLL:0.922073007, Val. NLL:0.959746093, Val. MSE: 5.254727840, Time_Elapsed:11.6908 secs
Epoch: 200/2000, Training NLL:0.866819491, Val. NLL:0.869367719, Val. MSE: 4.670024157, Time_Elapsed:15.5152 secs
Epoch: 250/2000, Training NLL:0.831614623, Val. NLL:0.792259663, Val. MSE: 3.824891090, Time_Elapsed:19.3331 secs
Epoch: 300/2000, Training NLL:0.807296773, Val. NLL:0.805342466, Val. MSE: 3.660150766, Time_Elapsed:23.1487 secs
Epoch: 350/2000, Training NLL:0.789572686, Val. NLL:0.792646587, Val. MSE: 3.231370091, Time_Elapsed:27.1309 secs
Epoch: 400/2000, Training NLL:0.775495569, Val. NLL:0.847651690, Val. MSE: 3.564624786, Time_Elapsed:31.7519 secs
Epoch: 450/2000, Training NLL:0.766082237, Val. NLL:0.792952716, Val. MSE: 3.383805871, Time_Elapsed:36.1847 secs
Epoch: 500/2000, Training NLL:0.754242321, Val. NLL:0.805090278, Val. MSE: 3.293830037, Time_Elapsed:40.7391 secs
Epoch: 550/2000, Training NLL:0.743344376, Val. NLL:0.762905568, Val. MSE: 3.160806179, Time_Elapsed:44.8407 secs
Epoch: 600/2000, Training NLL:0.733379076, Val. NLL:0.798397481, Val. MSE: 3.386359453, Time_Elapsed:48.6612 secs
Epoch: 650/2000, Training NLL:0.723048637, Val. NLL:0.741628766, Val. MSE: 3.218426704, Time_Elapsed:52.5801 secs
Consecutive iterations are:[669, 670, 671]
Exit and Convergence reached after 3 iterations for relative change in NLL below :0.05
Training convergence attained at Epoch: 671!

Saving the best model at epoch=671, with training loss=0.7184082567691803, validation loss=0.726156085729599
------------------------------ Training ends --------------------------------- 

------------------------------ Training begins --------------------------------- 

Config: {'n_states': 32, 'n_obs': 32, 'mu_w': array([0., 0., 0., 0., 0., 0., 0., 0., 0., 0., 0., 0., 0., 0., 0., 0., 0.,
       0., 0., 0., 0., 0., 0., 0., 0., 0., 0., 0., 0., 0., 0., 0.]), 'C_w': None, 'H': array([[1., 0., 0., ..., 0., 0., 0.],
       [0., 1., 0., ..., 0., 0., 0.],
       [0., 0., 1., ..., 0., 0., 0.],
       ...,
       [0., 0., 0., ..., 1., 0., 0.],
       [0., 0., 0., ..., 0., 1., 0.],
       [0., 0., 0., ..., 0., 0., 1.]]), 'mu_x0': array([0., 0., 0., 0., 0., 0., 0., 0., 0., 0., 0., 0., 0., 0., 0., 0., 0.,
       0., 0., 0., 0., 0., 0., 0., 0., 0., 0., 0., 0., 0., 0., 0.]), 'C_x0': array([[1., 0., 0., ..., 0., 0., 0.],
       [0., 1., 0., ..., 0., 0., 0.],
       [0., 0., 1., ..., 0., 0., 0.],
       ...,
       [0., 0., 0., ..., 1., 0., 0.],
       [0., 0., 0., ..., 0., 1., 0.],
       [0., 0., 0., ..., 0., 0., 1.]]), 'batch_size': 64, 'rnn_type': 'gru', 'device': device(type='cuda', index=0), 'rnn_params_dict': {'gru': {'model_type': 'gru', 'input_size': 32, 'output_size': 32, 'n_hidden': 128, 'n_layers': 1, 'lr': 1e-05, 'num_epochs': 2000, 'min_delta': 0.05, 'n_hidden_dense': 128, 'device': device(type='cuda', index=0)}, 'rnn': {'model_type': 'gru', 'input_size': 32, 'output_size': 32, 'n_hidden': 40, 'n_layers': 2, 'lr': 0.001, 'num_epochs': 300, 'min_delta': 0.001, 'n_hidden_dense': 32, 'device': device(type='cuda', index=0)}, 'lstm': {'model_type': 'lstm', 'input_size': 32, 'output_size': 32, 'n_hidden': 40, 'n_layers': 2, 'lr': 0.001, 'num_epochs': 300, 'min_delta': 0.001, 'n_hidden_dense': 32, 'device': device(type='cuda', index=0)}}} 

No. of trainable parameters: 86976

Epoch: 1/2000, Training NLL:1.034466902, Val. NLL:1.046997249, Val. MSE: 6.568810701, Time_Elapsed:0.2738 secs
Epoch: 50/2000, Training NLL:0.999004513, Val. NLL:1.048974991, Val. MSE: 6.485769272, Time_Elapsed:4.1029 secs
Epoch: 100/2000, Training NLL:0.943315128, Val. NLL:0.978291273, Val. MSE: 5.611773491, Time_Elapsed:7.9958 secs
Epoch: 150/2000, Training NLL:0.852968474, Val. NLL:0.871888548, Val. MSE: 4.465880632, Time_Elapsed:12.4183 secs
Epoch: 200/2000, Training NLL:0.801997711, Val. NLL:0.821819067, Val. MSE: 3.589751244, Time_Elapsed:16.8731 secs
Epoch: 250/2000, Training NLL:0.779677600, Val. NLL:0.775809526, Val. MSE: 3.182703853, Time_Elapsed:21.3017 secs
Epoch: 300/2000, Training NLL:0.763327082, Val. NLL:0.792331368, Val. MSE: 3.352979302, Time_Elapsed:25.7955 secs
Epoch: 350/2000, Training NLL:0.749864548, Val. NLL:0.753021866, Val. MSE: 3.033968806, Time_Elapsed:30.6932 secs
Epoch: 400/2000, Training NLL:0.738135527, Val. NLL:0.810396343, Val. MSE: 3.277700782, Time_Elapsed:35.1833 secs
Epoch: 450/2000, Training NLL:0.724327574, Val. NLL:0.751468956, Val. MSE: 3.125300407, Time_Elapsed:39.6746 secs
Epoch: 500/2000, Training NLL:0.709391028, Val. NLL:0.751024663, Val. MSE: 3.256086230, Time_Elapsed:44.3332 secs
Epoch: 550/2000, Training NLL:0.695321292, Val. NLL:0.757380933, Val. MSE: 3.144600272, Time_Elapsed:48.9377 secs
Epoch: 600/2000, Training NLL:0.680081556, Val. NLL:0.724409491, Val. MSE: 3.126319408, Time_Elapsed:53.5377 secs
Epoch: 650/2000, Training NLL:0.666269422, Val. NLL:0.704995602, Val. MSE: 3.004716635, Time_Elapsed:57.9221 secs
Consecutive iterations are:[671, 672, 673]
Exit and Convergence reached after 3 iterations for relative change in NLL below :0.05
Training convergence attained at Epoch: 673!

Saving the best model at epoch=673, with training loss=0.6583800216515859, validation loss=0.7179230451583862
------------------------------ Training ends --------------------------------- 

------------------------------ Training begins --------------------------------- 

Config: {'n_states': 32, 'n_obs': 32, 'mu_w': array([0., 0., 0., 0., 0., 0., 0., 0., 0., 0., 0., 0., 0., 0., 0., 0., 0.,
       0., 0., 0., 0., 0., 0., 0., 0., 0., 0., 0., 0., 0., 0., 0.]), 'C_w': None, 'H': array([[1., 0., 0., ..., 0., 0., 0.],
       [0., 1., 0., ..., 0., 0., 0.],
       [0., 0., 1., ..., 0., 0., 0.],
       ...,
       [0., 0., 0., ..., 1., 0., 0.],
       [0., 0., 0., ..., 0., 1., 0.],
       [0., 0., 0., ..., 0., 0., 1.]]), 'mu_x0': array([0., 0., 0., 0., 0., 0., 0., 0., 0., 0., 0., 0., 0., 0., 0., 0., 0.,
       0., 0., 0., 0., 0., 0., 0., 0., 0., 0., 0., 0., 0., 0., 0.]), 'C_x0': array([[1., 0., 0., ..., 0., 0., 0.],
       [0., 1., 0., ..., 0., 0., 0.],
       [0., 0., 1., ..., 0., 0., 0.],
       ...,
       [0., 0., 0., ..., 1., 0., 0.],
       [0., 0., 0., ..., 0., 1., 0.],
       [0., 0., 0., ..., 0., 0., 1.]]), 'batch_size': 64, 'rnn_type': 'gru', 'device': device(type='cuda', index=0), 'rnn_params_dict': {'gru': {'model_type': 'gru', 'input_size': 32, 'output_size': 32, 'n_hidden': 256, 'n_layers': 1, 'lr': 1e-05, 'num_epochs': 2000, 'min_delta': 0.05, 'n_hidden_dense': 128, 'device': device(type='cuda', index=0)}, 'rnn': {'model_type': 'gru', 'input_size': 32, 'output_size': 32, 'n_hidden': 40, 'n_layers': 2, 'lr': 0.001, 'num_epochs': 300, 'min_delta': 0.001, 'n_hidden_dense': 32, 'device': device(type='cuda', index=0)}, 'lstm': {'model_type': 'lstm', 'input_size': 32, 'output_size': 32, 'n_hidden': 40, 'n_layers': 2, 'lr': 0.001, 'num_epochs': 300, 'min_delta': 0.001, 'n_hidden_dense': 32, 'device': device(type='cuda', index=0)}}} 

No. of trainable parameters: 263872

Epoch: 1/2000, Training NLL:1.025186330, Val. NLL:1.029480219, Val. MSE: 6.430132866, Time_Elapsed:0.2743 secs
Epoch: 50/2000, Training NLL:0.966367692, Val. NLL:0.941931218, Val. MSE: 5.438101292, Time_Elapsed:4.0397 secs
Epoch: 100/2000, Training NLL:0.825747748, Val. NLL:0.858769596, Val. MSE: 4.329849005, Time_Elapsed:7.8598 secs
Epoch: 150/2000, Training NLL:0.777594845, Val. NLL:0.825508416, Val. MSE: 3.608810186, Time_Elapsed:11.6788 secs
Epoch: 200/2000, Training NLL:0.751763652, Val. NLL:0.795719743, Val. MSE: 3.425649285, Time_Elapsed:15.5048 secs
Epoch: 250/2000, Training NLL:0.725639423, Val. NLL:0.744786620, Val. MSE: 3.172082663, Time_Elapsed:19.3288 secs
Epoch: 300/2000, Training NLL:0.699040532, Val. NLL:0.746376753, Val. MSE: 3.170098066, Time_Elapsed:23.1524 secs
Epoch: 350/2000, Training NLL:0.674207250, Val. NLL:0.724592268, Val. MSE: 3.125786066, Time_Elapsed:26.9771 secs
Epoch: 400/2000, Training NLL:0.649477631, Val. NLL:0.710090876, Val. MSE: 3.217626333, Time_Elapsed:30.8027 secs
Epoch: 450/2000, Training NLL:0.625807981, Val. NLL:0.658179998, Val. MSE: 3.018404722, Time_Elapsed:34.6310 secs
Epoch: 500/2000, Training NLL:0.603205870, Val. NLL:0.634819478, Val. MSE: 3.077821612, Time_Elapsed:38.4429 secs
Epoch: 550/2000, Training NLL:0.577235639, Val. NLL:0.606004238, Val. MSE: 3.146192670, Time_Elapsed:42.2763 secs
Epoch: 600/2000, Training NLL:0.552019189, Val. NLL:0.637396038, Val. MSE: 3.437977433, Time_Elapsed:46.1011 secs
Epoch: 650/2000, Training NLL:0.529129883, Val. NLL:0.613220423, Val. MSE: 3.260481477, Time_Elapsed:49.9222 secs
Consecutive iterations are:[670, 671, 672]
Exit and Convergence reached after 3 iterations for relative change in NLL below :0.05
Training convergence attained at Epoch: 672!

Saving the best model at epoch=672, with training loss=0.51727428038915, validation loss=0.5906698703765869
------------------------------ Training ends --------------------------------- 

------------------------------ Training begins --------------------------------- 

Config: {'n_states': 32, 'n_obs': 32, 'mu_w': array([0., 0., 0., 0., 0., 0., 0., 0., 0., 0., 0., 0., 0., 0., 0., 0., 0.,
       0., 0., 0., 0., 0., 0., 0., 0., 0., 0., 0., 0., 0., 0., 0.]), 'C_w': None, 'H': array([[1., 0., 0., ..., 0., 0., 0.],
       [0., 1., 0., ..., 0., 0., 0.],
       [0., 0., 1., ..., 0., 0., 0.],
       ...,
       [0., 0., 0., ..., 1., 0., 0.],
       [0., 0., 0., ..., 0., 1., 0.],
       [0., 0., 0., ..., 0., 0., 1.]]), 'mu_x0': array([0., 0., 0., 0., 0., 0., 0., 0., 0., 0., 0., 0., 0., 0., 0., 0., 0.,
       0., 0., 0., 0., 0., 0., 0., 0., 0., 0., 0., 0., 0., 0., 0.]), 'C_x0': array([[1., 0., 0., ..., 0., 0., 0.],
       [0., 1., 0., ..., 0., 0., 0.],
       [0., 0., 1., ..., 0., 0., 0.],
       ...,
       [0., 0., 0., ..., 1., 0., 0.],
       [0., 0., 0., ..., 0., 1., 0.],
       [0., 0., 0., ..., 0., 0., 1.]]), 'batch_size': 64, 'rnn_type': 'gru', 'device': device(type='cuda', index=0), 'rnn_params_dict': {'gru': {'model_type': 'gru', 'input_size': 32, 'output_size': 32, 'n_hidden': 1024, 'n_layers': 3, 'lr': 1e-06, 'num_epochs': 2000, 'min_delta': 0.05, 'n_hidden_dense': 64, 'device': device(type='cuda', index=0)}, 'rnn': {'model_type': 'gru', 'input_size': 32, 'output_size': 32, 'n_hidden': 40, 'n_layers': 2, 'lr': 0.001, 'num_epochs': 300, 'min_delta': 0.001, 'n_hidden_dense': 32, 'device': device(type='cuda', index=0)}, 'lstm': {'model_type': 'lstm', 'input_size': 32, 'output_size': 32, 'n_hidden': 40, 'n_layers': 2, 'lr': 0.001, 'num_epochs': 300, 'min_delta': 0.001, 'n_hidden_dense': 32, 'device': device(type='cuda', index=0)}}} 

No. of trainable parameters: 15915136

Epoch: 1/2000, Training NLL:1.024307022, Val. NLL:1.001689434, Val. MSE: 6.124320745, Time_Elapsed:0.3989 secs
Epoch: 50/2000, Training NLL:1.007671386, Val. NLL:1.019811571, Val. MSE: 6.580668926, Time_Elapsed:10.2490 secs
Epoch: 100/2000, Training NLL:0.966222078, Val. NLL:1.010729790, Val. MSE: 6.143235922, Time_Elapsed:20.3010 secs
Epoch: 150/2000, Training NLL:0.930373957, Val. NLL:0.943605840, Val. MSE: 5.443285704, Time_Elapsed:30.4081 secs
Epoch: 200/2000, Training NLL:0.912276626, Val. NLL:0.922373831, Val. MSE: 5.308354378, Time_Elapsed:40.8077 secs
Epoch: 250/2000, Training NLL:0.899746329, Val. NLL:0.912584275, Val. MSE: 4.979546785, Time_Elapsed:51.6727 secs
Epoch: 300/2000, Training NLL:0.886473199, Val. NLL:0.920520186, Val. MSE: 4.907182932, Time_Elapsed:62.6081 secs
Epoch: 350/2000, Training NLL:0.875853668, Val. NLL:0.867833376, Val. MSE: 4.585695744, Time_Elapsed:74.0379 secs
Epoch: 400/2000, Training NLL:0.863902430, Val. NLL:0.904136211, Val. MSE: 4.743680239, Time_Elapsed:85.3964 secs
Epoch: 450/2000, Training NLL:0.851180245, Val. NLL:0.908818483, Val. MSE: 4.843636036, Time_Elapsed:96.4719 secs
Epoch: 500/2000, Training NLL:0.838366588, Val. NLL:0.858062893, Val. MSE: 4.425662756, Time_Elapsed:107.6854 secs
Epoch: 550/2000, Training NLL:0.827040066, Val. NLL:0.907125235, Val. MSE: 4.637585402, Time_Elapsed:119.0222 secs
Epoch: 600/2000, Training NLL:0.815093617, Val. NLL:0.843655229, Val. MSE: 4.244104028, Time_Elapsed:130.2137 secs
Epoch: 650/2000, Training NLL:0.803711166, Val. NLL:0.856052399, Val. MSE: 4.371766329, Time_Elapsed:141.4215 secs
Consecutive iterations are:[672, 673, 674]
Exit and Convergence reached after 3 iterations for relative change in NLL below :0.05
Training convergence attained at Epoch: 674!

Saving the best model at epoch=674, with training loss=0.7991370956103007, validation loss=0.8629761934280396
------------------------------ Training ends --------------------------------- 

------------------------------ Training begins --------------------------------- 

Config: {'n_states': 32, 'n_obs': 32, 'mu_w': array([0., 0., 0., 0., 0., 0., 0., 0., 0., 0., 0., 0., 0., 0., 0., 0., 0.,
       0., 0., 0., 0., 0., 0., 0., 0., 0., 0., 0., 0., 0., 0., 0.]), 'C_w': None, 'H': array([[1., 0., 0., ..., 0., 0., 0.],
       [0., 1., 0., ..., 0., 0., 0.],
       [0., 0., 1., ..., 0., 0., 0.],
       ...,
       [0., 0., 0., ..., 1., 0., 0.],
       [0., 0., 0., ..., 0., 1., 0.],
       [0., 0., 0., ..., 0., 0., 1.]]), 'mu_x0': array([0., 0., 0., 0., 0., 0., 0., 0., 0., 0., 0., 0., 0., 0., 0., 0., 0.,
       0., 0., 0., 0., 0., 0., 0., 0., 0., 0., 0., 0., 0., 0., 0.]), 'C_x0': array([[1., 0., 0., ..., 0., 0., 0.],
       [0., 1., 0., ..., 0., 0., 0.],
       [0., 0., 1., ..., 0., 0., 0.],
       ...,
       [0., 0., 0., ..., 1., 0., 0.],
       [0., 0., 0., ..., 0., 1., 0.],
       [0., 0., 0., ..., 0., 0., 1.]]), 'batch_size': 64, 'rnn_type': 'gru', 'device': device(type='cuda', index=0), 'rnn_params_dict': {'gru': {'model_type': 'gru', 'input_size': 32, 'output_size': 32, 'n_hidden': 64, 'n_layers': 1, 'lr': 1e-05, 'num_epochs': 2000, 'min_delta': 0.05, 'n_hidden_dense': 64, 'device': device(type='cuda', index=0)}, 'rnn': {'model_type': 'gru', 'input_size': 32, 'output_size': 32, 'n_hidden': 40, 'n_layers': 2, 'lr': 0.001, 'num_epochs': 300, 'min_delta': 0.001, 'n_hidden_dense': 32, 'device': device(type='cuda', index=0)}, 'lstm': {'model_type': 'lstm', 'input_size': 32, 'output_size': 32, 'n_hidden': 40, 'n_layers': 2, 'lr': 0.001, 'num_epochs': 300, 'min_delta': 0.001, 'n_hidden_dense': 32, 'device': device(type='cuda', index=0)}}} 

No. of trainable parameters: 27136

Epoch: 1/2000, Training NLL:1.026186307, Val. NLL:1.031939924, Val. MSE: 6.787445545, Time_Elapsed:0.3638 secs
Epoch: 50/2000, Training NLL:1.011327773, Val. NLL:1.057335377, Val. MSE: 6.594115734, Time_Elapsed:5.2918 secs
Epoch: 100/2000, Training NLL:0.991203527, Val. NLL:0.984644890, Val. MSE: 5.917451620, Time_Elapsed:10.3164 secs
Epoch: 150/2000, Training NLL:0.961808105, Val. NLL:0.983940542, Val. MSE: 5.933589935, Time_Elapsed:15.3423 secs
Epoch: 200/2000, Training NLL:0.923470885, Val. NLL:0.976384997, Val. MSE: 5.619640350, Time_Elapsed:20.3809 secs
Epoch: 250/2000, Training NLL:0.878121366, Val. NLL:0.898533970, Val. MSE: 4.610217333, Time_Elapsed:25.3652 secs
Epoch: 300/2000, Training NLL:0.841399729, Val. NLL:0.833724350, Val. MSE: 4.091813326, Time_Elapsed:30.3600 secs
Epoch: 350/2000, Training NLL:0.815503726, Val. NLL:0.877709985, Val. MSE: 3.902733922, Time_Elapsed:35.3178 secs
Epoch: 400/2000, Training NLL:0.800883532, Val. NLL:0.837873399, Val. MSE: 3.541967392, Time_Elapsed:40.3300 secs
Epoch: 450/2000, Training NLL:0.790291687, Val. NLL:0.804883838, Val. MSE: 3.431727290, Time_Elapsed:45.3928 secs
Epoch: 500/2000, Training NLL:0.782231639, Val. NLL:0.833385319, Val. MSE: 3.371460080, Time_Elapsed:50.4002 secs
Epoch: 550/2000, Training NLL:0.774419228, Val. NLL:0.843147516, Val. MSE: 3.473793030, Time_Elapsed:55.4263 secs
Epoch: 600/2000, Training NLL:0.769399444, Val. NLL:0.790224999, Val. MSE: 3.091144919, Time_Elapsed:60.3865 secs
Epoch: 650/2000, Training NLL:0.762277226, Val. NLL:0.772507250, Val. MSE: 3.007894635, Time_Elapsed:65.4604 secs
Consecutive iterations are:[672, 673, 674]
Exit and Convergence reached after 3 iterations for relative change in NLL below :0.05
Training convergence attained at Epoch: 674!

Saving the best model at epoch=674, with training loss=0.7604211568832397, validation loss=0.7693991363048553
------------------------------ Training ends --------------------------------- 

